<?xml version="1.0" encoding="UTF-8"?>
<!--FRIndAs-->
<xbrli:xbrl xmlns:in-bse-fin="http://www.bseindia.com/xbrl/fin/2020-03-31/in-bse-fin" xmlns:in-bse-fin-roles="http://www.bseindia.com/xbrl/fin/2020-03-31/in-bse-fin-roles" xmlns:in-bse-fin-ent="http://www.bseindia.com/xbrl/fin/2020-03-31/in-bse-fin/in-bse-fin-ent" xmlns:xbrldt="http://xbrl.org/2005/xbrldt" xmlns:nonnum="http://www.xbrl.org/dtr/type/non-numeric" xmlns:in-bse-fin-types="http://www.bseindia.com/xbrl/fin/2020-03-31/in-bse-fin-types" xmlns:link="http://www.xbrl.org/2003/linkbase" xmlns:net="http://www.xbrl.org/2009/role/net" xmlns:num="http://www.xbrl.org/dtr/type/numeric" xmlns:xlink="http://www.w3.org/1999/xlink" xmlns:iso4217="http://www.xbrl.org/2003/iso4217" xmlns:negated="http://www.xbrl.org/2009/role/negated" xmlns:xbrldi="http://xbrl.org/2006/xbrldi" xmlns:xbrli="http://www.xbrl.org/2003/instance" xmlns:xl="http://www.xbrl.org/2003/XLink"><link:schemaRef xlink:type="simple" xlink:href="Ind-AS_entry_point_2020-03-31.xsd"/><xbrli:context id="OneD"><xbrli:entity><xbrli:identifier scheme="http://www.bseindia.com/bse-fin/ScripCode">500410</xbrli:identifier></xbrli:entity><xbrli:period><xbrli:startDate>2022-10-01</xbrli:startDate><xbrli:endDate>2022-12-31</xbrli:endDate></xbrli:period></xbrli:context><xbrli:context id="OneI"><xbrli:entity><xbrli:identifier scheme="http://www.bseindia.com/bse-fin/ScripCode">500410</xbrli:identifier></xbrli:entity><xbrli:period><xbrli:instant>2022-12-31</xbrli:instant></xbrli:period></xbrli:context><xbrli:context id="FourD"><xbrli:entity><xbrli:identifier scheme="http://www.bseindia.com/bse-fin/ScripCode">500410</xbrli:identifier></xbrli:entity><xbrli:period><xbrli:startDate>2022-01-01</xbrli:startDate><xbrli:endDate>2022-12-31</xbrli:endDate></xbrli:period></xbrli:context><xbrli:context id="OneExpenses1D"><xbrli:entity><xbrli:identifier scheme="http://www.bseindia.com/bse-fin/ScripCode">500410</xbrli:identifier></xbrli:entity><xbrli:period><xbrli:startDate>2022-10-01</xbrli:startDate><xbrli:endDate>2022-12-31</xbrli:endDate></xbrli:period><xbrli:scenario><xbrldi:explicitMember dimension="in-bse-fin:DetailsOfOtherExpensesAxis">in-bse-fin:OtherExpenses1Member</xbrldi:explicitMember></xbrli:scenario></xbrli:context><xbrli:context id="OneExpenses2D"><xbrli:entity><xbrli:identifier scheme="http://www.bseindia.com/bse-fin/ScripCode">500410</xbrli:identifier></xbrli:entity><xbrli:period><xbrli:startDate>2022-10-01</xbrli:startDate><xbrli:endDate>2022-12-31</xbrli:endDate></xbrli:period><xbrli:scenario><xbrldi:explicitMember dimension="in-bse-fin:DetailsOfOtherExpensesAxis">in-bse-fin:OtherExpenses2Member</xbrldi:explicitMember></xbrli:scenario></xbrli:context><xbrli:context id="OneExpenses3D"><xbrli:entity><xbrli:identifier scheme="http://www.bseindia.com/bse-fin/ScripCode">500410</xbrli:identifier></xbrli:entity><xbrli:period><xbrli:startDate>2022-10-01</xbrli:startDate><xbrli:endDate>2022-12-31</xbrli:endDate></xbrli:period><xbrli:scenario><xbrldi:explicitMember dimension="in-bse-fin:DetailsOfOtherExpensesAxis">in-bse-fin:OtherExpenses3Member</xbrldi:explicitMember></xbrli:scenario></xbrli:context><xbrli:context id="FourExpenses1D"><xbrli:entity><xbrli:identifier scheme="http://www.bseindia.com/bse-fin/ScripCode">500410</xbrli:identifier></xbrli:entity><xbrli:period><xbrli:startDate>2022-01-01</xbrli:startDate><xbrli:endDate>2022-12-31</xbrli:endDate></xbrli:period><xbrli:scenario><xbrldi:explicitMember dimension="in-bse-fin:DetailsOfOtherExpensesAxis">in-bse-fin:OtherExpenses1Member</xbrldi:explicitMember></xbrli:scenario></xbrli:context><xbrli:context id="FourExpenses2D"><xbrli:entity><xbrli:identifier scheme="http://www.bseindia.com/bse-fin/ScripCode">500410</xbrli:identifier></xbrli:entity><xbrli:period><xbrli:startDate>2022-01-01</xbrli:startDate><xbrli:endDate>2022-12-31</xbrli:endDate></xbrli:period><xbrli:scenario><xbrldi:explicitMember dimension="in-bse-fin:DetailsOfOtherExpensesAxis">in-bse-fin:OtherExpenses2Member</xbrldi:explicitMember></xbrli:scenario></xbrli:context><xbrli:context id="FourExpenses3D"><xbrli:entity><xbrli:identifier scheme="http://www.bseindia.com/bse-fin/ScripCode">500410</xbrli:identifier></xbrli:entity><xbrli:period><xbrli:startDate>2022-01-01</xbrli:startDate><xbrli:endDate>2022-12-31</xbrli:endDate></xbrli:period><xbrli:scenario><xbrldi:explicitMember dimension="in-bse-fin:DetailsOfOtherExpensesAxis">in-bse-fin:OtherExpenses3Member</xbrldi:explicitMember></xbrli:scenario></xbrli:context><xbrli:context id="OneReportable1D"><xbrli:entity><xbrli:identifier scheme="http://www.bseindia.com/bse-fin/ScripCode">500410</xbrli:identifier></xbrli:entity><xbrli:period><xbrli:startDate>2022-10-01</xbrli:startDate><xbrli:endDate>2022-12-31</xbrli:endDate></xbrli:period><xbrli:scenario><xbrldi:explicitMember dimension="in-bse-fin:ReportableSegmentsAxis">in-bse-fin:ReportableSegments1Member</xbrldi:explicitMember></xbrli:scenario></xbrli:context><xbrli:context id="OneReportable2D"><xbrli:entity><xbrli:identifier scheme="http://www.bseindia.com/bse-fin/ScripCode">500410</xbrli:identifier></xbrli:entity><xbrli:period><xbrli:startDate>2022-10-01</xbrli:startDate><xbrli:endDate>2022-12-31</xbrli:endDate></xbrli:period><xbrli:scenario><xbrldi:explicitMember dimension="in-bse-fin:ReportableSegmentsAxis">in-bse-fin:ReportableSegments2Member</xbrldi:explicitMember></xbrli:scenario></xbrli:context><xbrli:context id="FourReportable1D"><xbrli:entity><xbrli:identifier scheme="http://www.bseindia.com/bse-fin/ScripCode">500410</xbrli:identifier></xbrli:entity><xbrli:period><xbrli:startDate>2022-01-01</xbrli:startDate><xbrli:endDate>2022-12-31</xbrli:endDate></xbrli:period><xbrli:scenario><xbrldi:explicitMember dimension="in-bse-fin:ReportableSegmentsAxis">in-bse-fin:ReportableSegments1Member</xbrldi:explicitMember></xbrli:scenario></xbrli:context><xbrli:context id="FourReportable2D"><xbrli:entity><xbrli:identifier scheme="http://www.bseindia.com/bse-fin/ScripCode">500410</xbrli:identifier></xbrli:entity><xbrli:period><xbrli:startDate>2022-01-01</xbrli:startDate><xbrli:endDate>2022-12-31</xbrli:endDate></xbrli:period><xbrli:scenario><xbrldi:explicitMember dimension="in-bse-fin:ReportableSegmentsAxis">in-bse-fin:ReportableSegments2Member</xbrldi:explicitMember></xbrli:scenario></xbrli:context><xbrli:context id="OneReportableFinance1D"><xbrli:entity><xbrli:identifier scheme="http://www.bseindia.com/bse-fin/ScripCode">500410</xbrli:identifier></xbrli:entity><xbrli:period><xbrli:startDate>2022-10-01</xbrli:startDate><xbrli:endDate>2022-12-31</xbrli:endDate></xbrli:period><xbrli:scenario><xbrldi:explicitMember dimension="in-bse-fin:ReportableSegmentsFinanceCostsAxis">in-bse-fin:ReportableSegments1Member</xbrldi:explicitMember></xbrli:scenario></xbrli:context><xbrli:context id="OneReportableFinance2D"><xbrli:entity><xbrli:identifier scheme="http://www.bseindia.com/bse-fin/ScripCode">500410</xbrli:identifier></xbrli:entity><xbrli:period><xbrli:startDate>2022-10-01</xbrli:startDate><xbrli:endDate>2022-12-31</xbrli:endDate></xbrli:period><xbrli:scenario><xbrldi:explicitMember dimension="in-bse-fin:ReportableSegmentsFinanceCostsAxis">in-bse-fin:ReportableSegments2Member</xbrldi:explicitMember></xbrli:scenario></xbrli:context><xbrli:context id="FourReportableFinance1D"><xbrli:entity><xbrli:identifier scheme="http://www.bseindia.com/bse-fin/ScripCode">500410</xbrli:identifier></xbrli:entity><xbrli:period><xbrli:startDate>2022-01-01</xbrli:startDate><xbrli:endDate>2022-12-31</xbrli:endDate></xbrli:period><xbrli:scenario><xbrldi:explicitMember dimension="in-bse-fin:ReportableSegmentsFinanceCostsAxis">in-bse-fin:ReportableSegments1Member</xbrldi:explicitMember></xbrli:scenario></xbrli:context><xbrli:context id="FourReportableFinance2D"><xbrli:entity><xbrli:identifier scheme="http://www.bseindia.com/bse-fin/ScripCode">500410</xbrli:identifier></xbrli:entity><xbrli:period><xbrli:startDate>2022-01-01</xbrli:startDate><xbrli:endDate>2022-12-31</xbrli:endDate></xbrli:period><xbrli:scenario><xbrldi:explicitMember dimension="in-bse-fin:ReportableSegmentsFinanceCostsAxis">in-bse-fin:ReportableSegments2Member</xbrldi:explicitMember></xbrli:scenario></xbrli:context><xbrli:context id="OneReportable31D"><xbrli:entity><xbrli:identifier scheme="http://www.bseindia.com/bse-fin/ScripCode">500410</xbrli:identifier></xbrli:entity><xbrli:period><xbrli:startDate>2022-10-01</xbrli:startDate><xbrli:endDate>2022-12-31</xbrli:endDate></xbrli:period><xbrli:scenario><xbrldi:explicitMember dimension="in-bse-fin:ReportableSegmentAssetsAxis">in-bse-fin:ReportableSegments1Member</xbrldi:explicitMember></xbrli:scenario></xbrli:context><xbrli:context id="OneReportable31I"><xbrli:entity><xbrli:identifier scheme="http://www.bseindia.com/bse-fin/ScripCode">500410</xbrli:identifier></xbrli:entity><xbrli:period><xbrli:instant>2022-12-31</xbrli:instant></xbrli:period><xbrli:scenario><xbrldi:explicitMember dimension="in-bse-fin:ReportableSegmentAssetsAxis">in-bse-fin:ReportableSegments1Member</xbrldi:explicitMember></xbrli:scenario></xbrli:context><xbrli:context id="OneReportable32D"><xbrli:entity><xbrli:identifier scheme="http://www.bseindia.com/bse-fin/ScripCode">500410</xbrli:identifier></xbrli:entity><xbrli:period><xbrli:startDate>2022-10-01</xbrli:startDate><xbrli:endDate>2022-12-31</xbrli:endDate></xbrli:period><xbrli:scenario><xbrldi:explicitMember dimension="in-bse-fin:ReportableSegmentAssetsAxis">in-bse-fin:ReportableSegments2Member</xbrldi:explicitMember></xbrli:scenario></xbrli:context><xbrli:context id="OneReportable32I"><xbrli:entity><xbrli:identifier scheme="http://www.bseindia.com/bse-fin/ScripCode">500410</xbrli:identifier></xbrli:entity><xbrli:period><xbrli:instant>2022-12-31</xbrli:instant></xbrli:period><xbrli:scenario><xbrldi:explicitMember dimension="in-bse-fin:ReportableSegmentAssetsAxis">in-bse-fin:ReportableSegments2Member</xbrldi:explicitMember></xbrli:scenario></xbrli:context><xbrli:context id="OneReportable41D"><xbrli:entity><xbrli:identifier scheme="http://www.bseindia.com/bse-fin/ScripCode">500410</xbrli:identifier></xbrli:entity><xbrli:period><xbrli:startDate>2022-10-01</xbrli:startDate><xbrli:endDate>2022-12-31</xbrli:endDate></xbrli:period><xbrli:scenario><xbrldi:explicitMember dimension="in-bse-fin:ReportableSegmentLiabilitiesAxis">in-bse-fin:ReportableSegments1Member</xbrldi:explicitMember></xbrli:scenario></xbrli:context><xbrli:context id="OneReportable41I"><xbrli:entity><xbrli:identifier scheme="http://www.bseindia.com/bse-fin/ScripCode">500410</xbrli:identifier></xbrli:entity><xbrli:period><xbrli:instant>2022-12-31</xbrli:instant></xbrli:period><xbrli:scenario><xbrldi:explicitMember dimension="in-bse-fin:ReportableSegmentLiabilitiesAxis">in-bse-fin:ReportableSegments1Member</xbrldi:explicitMember></xbrli:scenario></xbrli:context><xbrli:context id="OneReportable42D"><xbrli:entity><xbrli:identifier scheme="http://www.bseindia.com/bse-fin/ScripCode">500410</xbrli:identifier></xbrli:entity><xbrli:period><xbrli:startDate>2022-10-01</xbrli:startDate><xbrli:endDate>2022-12-31</xbrli:endDate></xbrli:period><xbrli:scenario><xbrldi:explicitMember dimension="in-bse-fin:ReportableSegmentLiabilitiesAxis">in-bse-fin:ReportableSegments2Member</xbrldi:explicitMember></xbrli:scenario></xbrli:context><xbrli:context id="OneReportable42I"><xbrli:entity><xbrli:identifier scheme="http://www.bseindia.com/bse-fin/ScripCode">500410</xbrli:identifier></xbrli:entity><xbrli:period><xbrli:instant>2022-12-31</xbrli:instant></xbrli:period><xbrli:scenario><xbrldi:explicitMember dimension="in-bse-fin:ReportableSegmentLiabilitiesAxis">in-bse-fin:ReportableSegments2Member</xbrldi:explicitMember></xbrli:scenario></xbrli:context><xbrli:context id="D_ItemsThatWillNotBeReclassifiedToProfitAndLoss11"><xbrli:entity><xbrli:identifier scheme="http://www.bseindia.com/bse-fin/ScripCode">500410</xbrli:identifier></xbrli:entity><xbrli:period><xbrli:startDate>2022-10-01</xbrli:startDate><xbrli:endDate>2022-12-31</xbrli:endDate></xbrli:period><xbrli:scenario><xbrldi:typedMember dimension="in-bse-fin:ItemsThatWillNotBeReclassifiedToProfitAndLossAxis"><in-bse-fin:ItemsThatWillNotBeReclassifiedToProfitAndLossDomain>ItemsThatWillNotBeReclassifiedToProfitAndLoss1</in-bse-fin:ItemsThatWillNotBeReclassifiedToProfitAndLossDomain></xbrldi:typedMember></xbrli:scenario></xbrli:context><xbrli:context id="D_ItemsThatWillNotBeReclassifiedToProfitAndLoss12"><xbrli:entity><xbrli:identifier scheme="http://www.bseindia.com/bse-fin/ScripCode">500410</xbrli:identifier></xbrli:entity><xbrli:period><xbrli:startDate>2022-10-01</xbrli:startDate><xbrli:endDate>2022-12-31</xbrli:endDate></xbrli:period><xbrli:scenario><xbrldi:typedMember dimension="in-bse-fin:ItemsThatWillNotBeReclassifiedToProfitAndLossAxis"><in-bse-fin:ItemsThatWillNotBeReclassifiedToProfitAndLossDomain>ItemsThatWillNotBeReclassifiedToProfitAndLoss2</in-bse-fin:ItemsThatWillNotBeReclassifiedToProfitAndLossDomain></xbrldi:typedMember></xbrli:scenario></xbrli:context><xbrli:context id="D_ItemsThatWillNotBeReclassifiedToProfitAndLoss41"><xbrli:entity><xbrli:identifier scheme="http://www.bseindia.com/bse-fin/ScripCode">500410</xbrli:identifier></xbrli:entity><xbrli:period><xbrli:startDate>2022-01-01</xbrli:startDate><xbrli:endDate>2022-12-31</xbrli:endDate></xbrli:period><xbrli:scenario><xbrldi:typedMember dimension="in-bse-fin:ItemsThatWillNotBeReclassifiedToProfitAndLossAxis"><in-bse-fin:ItemsThatWillNotBeReclassifiedToProfitAndLossDomain>ItemsThatWillNotBeReclassifiedToProfitAndLoss1</in-bse-fin:ItemsThatWillNotBeReclassifiedToProfitAndLossDomain></xbrldi:typedMember></xbrli:scenario></xbrli:context><xbrli:context id="D_ItemsThatWillNotBeReclassifiedToProfitAndLoss42"><xbrli:entity><xbrli:identifier scheme="http://www.bseindia.com/bse-fin/ScripCode">500410</xbrli:identifier></xbrli:entity><xbrli:period><xbrli:startDate>2022-01-01</xbrli:startDate><xbrli:endDate>2022-12-31</xbrli:endDate></xbrli:period><xbrli:scenario><xbrldi:typedMember dimension="in-bse-fin:ItemsThatWillNotBeReclassifiedToProfitAndLossAxis"><in-bse-fin:ItemsThatWillNotBeReclassifiedToProfitAndLossDomain>ItemsThatWillNotBeReclassifiedToProfitAndLoss2</in-bse-fin:ItemsThatWillNotBeReclassifiedToProfitAndLossDomain></xbrldi:typedMember></xbrli:scenario></xbrli:context><xbrli:unit id="INR"><xbrli:measure>iso4217:INR</xbrli:measure></xbrli:unit><xbrli:unit id="INRPerShare"><xbrli:divide><xbrli:unitNumerator><xbrli:measure>iso4217:INR</xbrli:measure></xbrli:unitNumerator><xbrli:unitDenominator><xbrli:measure>xbrli:shares</xbrli:measure></xbrli:unitDenominator></xbrli:divide></xbrli:unit><in-bse-fin:ScripCode contextRef="OneD">500410</in-bse-fin:ScripCode><in-bse-fin:Symbol contextRef="OneD">ACC</in-bse-fin:Symbol><in-bse-fin:MSEISymbol contextRef="OneD">NOTLISTED</in-bse-fin:MSEISymbol><in-bse-fin:ISIN contextRef="OneD">INE012A01025</in-bse-fin:ISIN><in-bse-fin:NameOfTheCompany contextRef="OneD">ACC Limited</in-bse-fin:NameOfTheCompany><in-bse-fin:ClassOfSecurity contextRef="OneD">Equity</in-bse-fin:ClassOfSecurity><in-bse-fin:DateOfStartOfFinancialYear contextRef="OneD">2022-01-01</in-bse-fin:DateOfStartOfFinancialYear><in-bse-fin:DateOfEndOfFinancialYear contextRef="OneD">2023-03-31</in-bse-fin:DateOfEndOfFinancialYear><in-bse-fin:DateOfBoardMeetingWhenFinancialResultsWereApproved contextRef="OneD">2023-01-31</in-bse-fin:DateOfBoardMeetingWhenFinancialResultsWereApproved><in-bse-fin:DateOnWhichPriorIntimationOfTheMeetingForConsideringFinancialResultsWasInformedToTheExchange contextRef="OneD">2023-01-21</in-bse-fin:DateOnWhichPriorIntimationOfTheMeetingForConsideringFinancialResultsWasInformedToTheExchange><in-bse-fin:DescriptionOfPresentationCurrency contextRef="OneD">INR</in-bse-fin:DescriptionOfPresentationCurrency><in-bse-fin:LevelOfRoundingUsedInFinancialStatements contextRef="OneD">Crores</in-bse-fin:LevelOfRoundingUsedInFinancialStatements><in-bse-fin:ReportingQuarter contextRef="OneD">Fourth quarter</in-bse-fin:ReportingQuarter><in-bse-fin:IsCompanyReportingMultisegmentOrSingleSegment contextRef="OneD">Multi segment</in-bse-fin:IsCompanyReportingMultisegmentOrSingleSegment><in-bse-fin:DateOfStartOfBoardMeeting contextRef="OneD">2023-01-31</in-bse-fin:DateOfStartOfBoardMeeting><in-bse-fin:StartTimeOfBoardMeeting contextRef="OneD">17:30:00</in-bse-fin:StartTimeOfBoardMeeting><in-bse-fin:DateOfEndOfBoardMeeting contextRef="OneD">2023-01-31</in-bse-fin:DateOfEndOfBoardMeeting><in-bse-fin:EndTimeOfBoardMeeting contextRef="OneD">20:30:00</in-bse-fin:EndTimeOfBoardMeeting><in-bse-fin:WhetherCashFlowStatementIsApplicableOnCompany contextRef="OneD">false</in-bse-fin:WhetherCashFlowStatementIsApplicableOnCompany><in-bse-fin:DeclarationOfUnmodifiedOpinionOrStatementOnImpactOfAuditQualification contextRef="OneD">Not applicable</in-bse-fin:DeclarationOfUnmodifiedOpinionOrStatementOnImpactOfAuditQualification><in-bse-fin:DateOfStartOfReportingPeriod contextRef="OneD">2022-10-01</in-bse-fin:DateOfStartOfReportingPeriod><in-bse-fin:DateOfEndOfReportingPeriod contextRef="OneD">2022-12-31</in-bse-fin:DateOfEndOfReportingPeriod><in-bse-fin:WhetherResultsAreAuditedOrUnaudited contextRef="OneD">Unaudited</in-bse-fin:WhetherResultsAreAuditedOrUnaudited><in-bse-fin:NatureOfReportStandaloneConsolidated contextRef="OneD">Consolidated</in-bse-fin:NatureOfReportStandaloneConsolidated><in-bse-fin:RevenueFromOperations contextRef="OneD" unitRef="INR" decimals="-5">45369700000</in-bse-fin:RevenueFromOperations><in-bse-fin:OtherIncome contextRef="OneD" unitRef="INR" decimals="-5">406700000</in-bse-fin:OtherIncome><in-bse-fin:Income contextRef="OneD" unitRef="INR" decimals="-5">45776400000</in-bse-fin:Income><in-bse-fin:CostOfMaterialsConsumed contextRef="OneD" unitRef="INR" decimals="-5">6083900000</in-bse-fin:CostOfMaterialsConsumed><in-bse-fin:PurchasesOfStockInTrade contextRef="OneD" unitRef="INR" decimals="-5">5608400000</in-bse-fin:PurchasesOfStockInTrade><in-bse-fin:ChangesInInventoriesOfFinishedGoodsWorkInProgressAndStockInTrade contextRef="OneD" unitRef="INR" decimals="-5">1185600000</in-bse-fin:ChangesInInventoriesOfFinishedGoodsWorkInProgressAndStockInTrade><in-bse-fin:EmployeeBenefitExpense contextRef="OneD" unitRef="INR" decimals="-5">2029600000</in-bse-fin:EmployeeBenefitExpense><in-bse-fin:FinanceCosts contextRef="OneD" unitRef="INR" decimals="-5">188600000</in-bse-fin:FinanceCosts><in-bse-fin:DepreciationDepletionAndAmortisationExpense contextRef="OneD" unitRef="INR" decimals="-5">1725400000</in-bse-fin:DepreciationDepletionAndAmortisationExpense><in-bse-fin:OtherExpenses contextRef="OneD" unitRef="INR" decimals="-5">26670800000</in-bse-fin:OtherExpenses><in-bse-fin:Expenses contextRef="OneD" unitRef="INR" decimals="-5">43492300000</in-bse-fin:Expenses><in-bse-fin:ProfitBeforeExceptionalItemsAndTax contextRef="OneD" unitRef="INR" decimals="-5">2284100000</in-bse-fin:ProfitBeforeExceptionalItemsAndTax><in-bse-fin:ExceptionalItemsBeforeTax contextRef="OneD" unitRef="INR" decimals="-6">-791000000</in-bse-fin:ExceptionalItemsBeforeTax><in-bse-fin:ProfitBeforeTax contextRef="OneD" unitRef="INR" decimals="-5">1493100000</in-bse-fin:ProfitBeforeTax><in-bse-fin:CurrentTax contextRef="OneD" unitRef="INR" decimals="-6">286000000</in-bse-fin:CurrentTax><in-bse-fin:DeferredTax contextRef="OneD" unitRef="INR" decimals="-5">106600000</in-bse-fin:DeferredTax><in-bse-fin:TaxExpense contextRef="OneD" unitRef="INR" decimals="-5">392600000</in-bse-fin:TaxExpense><in-bse-fin:NetMovementInRegulatoryDeferralAccountBalancesRelatedToProfitOrLossAndTheRelatedDeferredTaxMovement contextRef="OneD" unitRef="INR" decimals="-7">0</in-bse-fin:NetMovementInRegulatoryDeferralAccountBalancesRelatedToProfitOrLossAndTheRelatedDeferredTaxMovement><in-bse-fin:ProfitLossForPeriodFromContinuingOperations contextRef="OneD" unitRef="INR" decimals="-5">1100500000</in-bse-fin:ProfitLossForPeriodFromContinuingOperations><in-bse-fin:ProfitLossFromDiscontinuedOperationsBeforeTax contextRef="OneD" unitRef="INR" decimals="-7">0</in-bse-fin:ProfitLossFromDiscontinuedOperationsBeforeTax><in-bse-fin:TaxExpenseOfDiscontinuedOperations contextRef="OneD" unitRef="INR" decimals="-7">0</in-bse-fin:TaxExpenseOfDiscontinuedOperations><in-bse-fin:ProfitLossFromDiscontinuedOperationsAfterTax contextRef="OneD" unitRef="INR" decimals="-7">0</in-bse-fin:ProfitLossFromDiscontinuedOperationsAfterTax><in-bse-fin:ShareOfProfitLossOfAssociatesAndJointVenturesAccountedForUsingEquityMethod contextRef="OneD" unitRef="INR" decimals="-5">31400000</in-bse-fin:ShareOfProfitLossOfAssociatesAndJointVenturesAccountedForUsingEquityMethod><in-bse-fin:ProfitLossForPeriod contextRef="OneD" unitRef="INR" decimals="-5">1131900000</in-bse-fin:ProfitLossForPeriod><in-bse-fin:OtherComprehensiveIncomeNetOfTaxes contextRef="OneD" unitRef="INR" decimals="-7">0</in-bse-fin:OtherComprehensiveIncomeNetOfTaxes><in-bse-fin:ComprehensiveIncomeForThePeriod contextRef="OneD" unitRef="INR" decimals="-5">1131900000</in-bse-fin:ComprehensiveIncomeForThePeriod><in-bse-fin:ProfitOrLossAttributableToOwnersOfParent contextRef="OneD" unitRef="INR" decimals="-5">1131600000</in-bse-fin:ProfitOrLossAttributableToOwnersOfParent><in-bse-fin:ProfitOrLossAttributableToNonControllingInterests contextRef="OneD" unitRef="INR" decimals="-5">300000</in-bse-fin:ProfitOrLossAttributableToNonControllingInterests><in-bse-fin:ComprehensiveIncomeForThePeriodAttributableToOwnersOfParent contextRef="OneD" unitRef="INR" decimals="-5">1131600000</in-bse-fin:ComprehensiveIncomeForThePeriodAttributableToOwnersOfParent><in-bse-fin:ComprehensiveIncomeForThePeriodAttributableToOwnersOfParentNonControllingInterests contextRef="OneD" unitRef="INR" decimals="-5">300000</in-bse-fin:ComprehensiveIncomeForThePeriodAttributableToOwnersOfParentNonControllingInterests><in-bse-fin:PaidUpValueOfEquityShareCapital contextRef="OneD" unitRef="INR" decimals="-5">1879900000</in-bse-fin:PaidUpValueOfEquityShareCapital><in-bse-fin:FaceValueOfEquityShareCapital contextRef="OneD" unitRef="INRPerShare" decimals="INF">10</in-bse-fin:FaceValueOfEquityShareCapital><in-bse-fin:BasicEarningsLossPerShareFromContinuingOperations contextRef="OneD" unitRef="INRPerShare" decimals="INF">6.03</in-bse-fin:BasicEarningsLossPerShareFromContinuingOperations><in-bse-fin:DilutedEarningsLossPerShareFromContinuingOperations contextRef="OneD" unitRef="INRPerShare" decimals="INF">6.01</in-bse-fin:DilutedEarningsLossPerShareFromContinuingOperations><in-bse-fin:BasicEarningsLossPerShareFromDiscontinuedOperations contextRef="OneD" unitRef="INRPerShare" decimals="INF">0</in-bse-fin:BasicEarningsLossPerShareFromDiscontinuedOperations><in-bse-fin:DilutedEarningsLossPerShareFromDiscontinuedOperations contextRef="OneD" unitRef="INRPerShare" decimals="INF">0</in-bse-fin:DilutedEarningsLossPerShareFromDiscontinuedOperations><in-bse-fin:BasicEarningsLossPerShareFromContinuingAndDiscontinuedOperations contextRef="OneD" unitRef="INRPerShare" decimals="INF">6.03</in-bse-fin:BasicEarningsLossPerShareFromContinuingAndDiscontinuedOperations><in-bse-fin:DilutedEarningsLossPerShareFromContinuingAndDiscontinuedOperations contextRef="OneD" unitRef="INRPerShare" decimals="INF">6.01</in-bse-fin:DilutedEarningsLossPerShareFromContinuingAndDiscontinuedOperations><in-bse-fin:DateOfStartOfReportingPeriod contextRef="FourD">2022-01-01</in-bse-fin:DateOfStartOfReportingPeriod><in-bse-fin:DateOfEndOfReportingPeriod contextRef="FourD">2022-12-31</in-bse-fin:DateOfEndOfReportingPeriod><in-bse-fin:WhetherResultsAreAuditedOrUnaudited contextRef="FourD">Unaudited</in-bse-fin:WhetherResultsAreAuditedOrUnaudited><in-bse-fin:NatureOfReportStandaloneConsolidated contextRef="FourD">Consolidated</in-bse-fin:NatureOfReportStandaloneConsolidated><in-bse-fin:RevenueFromOperations contextRef="FourD" unitRef="INR" decimals="-5">174192700000</in-bse-fin:RevenueFromOperations><in-bse-fin:OtherIncome contextRef="FourD" unitRef="INR" decimals="-5">2227400000</in-bse-fin:OtherIncome><in-bse-fin:Income contextRef="FourD" unitRef="INR" decimals="-5">176420100000</in-bse-fin:Income><in-bse-fin:CostOfMaterialsConsumed contextRef="FourD" unitRef="INR" decimals="-5">26167800000</in-bse-fin:CostOfMaterialsConsumed><in-bse-fin:PurchasesOfStockInTrade contextRef="FourD" unitRef="INR" decimals="-5">16091800000</in-bse-fin:PurchasesOfStockInTrade><in-bse-fin:ChangesInInventoriesOfFinishedGoodsWorkInProgressAndStockInTrade contextRef="FourD" unitRef="INR" decimals="-7">-3500000000</in-bse-fin:ChangesInInventoriesOfFinishedGoodsWorkInProgressAndStockInTrade><in-bse-fin:EmployeeBenefitExpense contextRef="FourD" unitRef="INR" decimals="-5">8241500000</in-bse-fin:EmployeeBenefitExpense><in-bse-fin:FinanceCosts contextRef="FourD" unitRef="INR" decimals="-5">620400000</in-bse-fin:FinanceCosts><in-bse-fin:DepreciationDepletionAndAmortisationExpense contextRef="FourD" unitRef="INR" decimals="-5">6645700000</in-bse-fin:DepreciationDepletionAndAmortisationExpense><in-bse-fin:OtherExpenses contextRef="FourD" unitRef="INR" decimals="-5">112627500000</in-bse-fin:OtherExpenses><in-bse-fin:Expenses contextRef="FourD" unitRef="INR" decimals="-5">166894700000</in-bse-fin:Expenses><in-bse-fin:ProfitBeforeExceptionalItemsAndTax contextRef="FourD" unitRef="INR" decimals="-5">9525400000</in-bse-fin:ProfitBeforeExceptionalItemsAndTax><in-bse-fin:ExceptionalItemsBeforeTax contextRef="FourD" unitRef="INR" decimals="-5">-953500000</in-bse-fin:ExceptionalItemsBeforeTax><in-bse-fin:ProfitBeforeTax contextRef="FourD" unitRef="INR" decimals="-5">8571900000</in-bse-fin:ProfitBeforeTax><in-bse-fin:CurrentTax contextRef="FourD" unitRef="INR" decimals="-5">1888600000</in-bse-fin:CurrentTax><in-bse-fin:DeferredTax contextRef="FourD" unitRef="INR" decimals="-5">328400000</in-bse-fin:DeferredTax><in-bse-fin:TaxExpense contextRef="FourD" unitRef="INR" decimals="-6">2217000000</in-bse-fin:TaxExpense><in-bse-fin:NetMovementInRegulatoryDeferralAccountBalancesRelatedToProfitOrLossAndTheRelatedDeferredTaxMovement contextRef="FourD" unitRef="INR" decimals="-7">0</in-bse-fin:NetMovementInRegulatoryDeferralAccountBalancesRelatedToProfitOrLossAndTheRelatedDeferredTaxMovement><in-bse-fin:ProfitLossForPeriodFromContinuingOperations contextRef="FourD" unitRef="INR" decimals="-5">6354900000</in-bse-fin:ProfitLossForPeriodFromContinuingOperations><in-bse-fin:ProfitLossFromDiscontinuedOperationsBeforeTax contextRef="FourD" unitRef="INR" decimals="-7">0</in-bse-fin:ProfitLossFromDiscontinuedOperationsBeforeTax><in-bse-fin:TaxExpenseOfDiscontinuedOperations contextRef="FourD" unitRef="INR" decimals="-7">0</in-bse-fin:TaxExpenseOfDiscontinuedOperations><in-bse-fin:ProfitLossFromDiscontinuedOperationsAfterTax contextRef="FourD" unitRef="INR" decimals="-7">0</in-bse-fin:ProfitLossFromDiscontinuedOperationsAfterTax><in-bse-fin:ShareOfProfitLossOfAssociatesAndJointVenturesAccountedForUsingEquityMethod contextRef="FourD" unitRef="INR" decimals="-5">140600000</in-bse-fin:ShareOfProfitLossOfAssociatesAndJointVenturesAccountedForUsingEquityMethod><in-bse-fin:ProfitLossForPeriod contextRef="FourD" unitRef="INR" decimals="-5">6495500000</in-bse-fin:ProfitLossForPeriod><in-bse-fin:OtherComprehensiveIncomeNetOfTaxes contextRef="FourD" unitRef="INR" decimals="-5">141600000</in-bse-fin:OtherComprehensiveIncomeNetOfTaxes><in-bse-fin:ComprehensiveIncomeForThePeriod contextRef="FourD" unitRef="INR" decimals="-5">6637100000</in-bse-fin:ComprehensiveIncomeForThePeriod><in-bse-fin:ProfitOrLossAttributableToOwnersOfParent contextRef="FourD" unitRef="INR" decimals="-5">6494400000</in-bse-fin:ProfitOrLossAttributableToOwnersOfParent><in-bse-fin:ProfitOrLossAttributableToNonControllingInterests contextRef="FourD" unitRef="INR" decimals="-5">1100000</in-bse-fin:ProfitOrLossAttributableToNonControllingInterests><in-bse-fin:ComprehensiveIncomeForThePeriodAttributableToOwnersOfParent contextRef="FourD" unitRef="INR" decimals="-6">6636000000</in-bse-fin:ComprehensiveIncomeForThePeriodAttributableToOwnersOfParent><in-bse-fin:ComprehensiveIncomeForThePeriodAttributableToOwnersOfParentNonControllingInterests contextRef="FourD" unitRef="INR" decimals="-5">1100000</in-bse-fin:ComprehensiveIncomeForThePeriodAttributableToOwnersOfParentNonControllingInterests><in-bse-fin:PaidUpValueOfEquityShareCapital contextRef="FourD" unitRef="INR" decimals="-5">1879900000</in-bse-fin:PaidUpValueOfEquityShareCapital><in-bse-fin:FaceValueOfEquityShareCapital contextRef="FourD" unitRef="INRPerShare" decimals="INF">10</in-bse-fin:FaceValueOfEquityShareCapital><in-bse-fin:BasicEarningsLossPerShareFromContinuingOperations contextRef="FourD" unitRef="INRPerShare" decimals="INF">34.58</in-bse-fin:BasicEarningsLossPerShareFromContinuingOperations><in-bse-fin:DilutedEarningsLossPerShareFromContinuingOperations contextRef="FourD" unitRef="INRPerShare" decimals="INF">34.49</in-bse-fin:DilutedEarningsLossPerShareFromContinuingOperations><in-bse-fin:BasicEarningsLossPerShareFromDiscontinuedOperations contextRef="FourD" unitRef="INRPerShare" decimals="INF">0</in-bse-fin:BasicEarningsLossPerShareFromDiscontinuedOperations><in-bse-fin:DilutedEarningsLossPerShareFromDiscontinuedOperations contextRef="FourD" unitRef="INRPerShare" decimals="INF">0</in-bse-fin:DilutedEarningsLossPerShareFromDiscontinuedOperations><in-bse-fin:BasicEarningsLossPerShareFromContinuingAndDiscontinuedOperations contextRef="FourD" unitRef="INRPerShare" decimals="INF">34.58</in-bse-fin:BasicEarningsLossPerShareFromContinuingAndDiscontinuedOperations><in-bse-fin:DilutedEarningsLossPerShareFromContinuingAndDiscontinuedOperations contextRef="FourD" unitRef="INRPerShare" decimals="INF">34.49</in-bse-fin:DilutedEarningsLossPerShareFromContinuingAndDiscontinuedOperations><in-bse-fin:DescriptionOfOtherExpenses contextRef="OneExpenses1D">e) Power and Fuel</in-bse-fin:DescriptionOfOtherExpenses><in-bse-fin:OtherExpenses contextRef="OneExpenses1D" unitRef="INR" decimals="-5">11301600000</in-bse-fin:OtherExpenses><in-bse-fin:DescriptionOfOtherExpenses contextRef="OneExpenses2D">f) Freight and Forwarding expense</in-bse-fin:DescriptionOfOtherExpenses><in-bse-fin:OtherExpenses contextRef="OneExpenses2D" unitRef="INR" decimals="-5">10017800000</in-bse-fin:OtherExpenses><in-bse-fin:DescriptionOfOtherExpenses contextRef="OneExpenses3D">i) Other expenses</in-bse-fin:DescriptionOfOtherExpenses><in-bse-fin:OtherExpenses contextRef="OneExpenses3D" unitRef="INR" decimals="-5">5351400000</in-bse-fin:OtherExpenses><in-bse-fin:DescriptionOfOtherExpenses contextRef="FourExpenses1D">e) Power and Fuel</in-bse-fin:DescriptionOfOtherExpenses><in-bse-fin:OtherExpenses contextRef="FourExpenses1D" unitRef="INR" decimals="-5">48001100000</in-bse-fin:OtherExpenses><in-bse-fin:DescriptionOfOtherExpenses contextRef="FourExpenses2D">f) Freight and Forwarding expense</in-bse-fin:DescriptionOfOtherExpenses><in-bse-fin:OtherExpenses contextRef="FourExpenses2D" unitRef="INR" decimals="-5">41104900000</in-bse-fin:OtherExpenses><in-bse-fin:DescriptionOfOtherExpenses contextRef="FourExpenses3D">i) Other expenses</in-bse-fin:DescriptionOfOtherExpenses><in-bse-fin:OtherExpenses contextRef="FourExpenses3D" unitRef="INR" decimals="-5">23521500000</in-bse-fin:OtherExpenses><in-bse-fin:DescriptionOfReportableSegment contextRef="OneReportable1D">Cement</in-bse-fin:DescriptionOfReportableSegment><in-bse-fin:SegmentRevenue contextRef="OneReportable1D" unitRef="INR" decimals="-5">42326400000</in-bse-fin:SegmentRevenue><in-bse-fin:DescriptionOfReportableSegment contextRef="OneReportable2D">Ready Mix Concrete</in-bse-fin:DescriptionOfReportableSegment><in-bse-fin:SegmentRevenue contextRef="OneReportable2D" unitRef="INR" decimals="-5">3729100000</in-bse-fin:SegmentRevenue><in-bse-fin:DescriptionOfReportableSegment contextRef="FourReportable1D">Cement</in-bse-fin:DescriptionOfReportableSegment><in-bse-fin:SegmentRevenue contextRef="FourReportable1D" unitRef="INR" decimals="-5">161802100000</in-bse-fin:SegmentRevenue><in-bse-fin:DescriptionOfReportableSegment contextRef="FourReportable2D">Ready Mix Concrete</in-bse-fin:DescriptionOfReportableSegment><in-bse-fin:SegmentRevenue contextRef="FourReportable2D" unitRef="INR" decimals="-5">15112600000</in-bse-fin:SegmentRevenue><in-bse-fin:SegmentRevenue contextRef="OneD" unitRef="INR" decimals="-5">46055500000</in-bse-fin:SegmentRevenue><in-bse-fin:SegmentRevenue contextRef="FourD" unitRef="INR" decimals="-5">176914700000</in-bse-fin:SegmentRevenue><in-bse-fin:InterSegmentRevenue contextRef="OneD" unitRef="INR" decimals="-5">685800000</in-bse-fin:InterSegmentRevenue><in-bse-fin:InterSegmentRevenue contextRef="FourD" unitRef="INR" decimals="-6">2722000000</in-bse-fin:InterSegmentRevenue><in-bse-fin:SegmentRevenueFromOperations contextRef="OneD" unitRef="INR" decimals="-5">45369700000</in-bse-fin:SegmentRevenueFromOperations><in-bse-fin:SegmentRevenueFromOperations contextRef="FourD" unitRef="INR" decimals="-5">174192700000</in-bse-fin:SegmentRevenueFromOperations><in-bse-fin:DescriptionOfReportableSegment contextRef="OneReportableFinance1D">Cement</in-bse-fin:DescriptionOfReportableSegment><in-bse-fin:SegmentProfitLossBeforeTaxAndFinanceCosts contextRef="OneReportableFinance1D" unitRef="INR" decimals="-5">2029900000</in-bse-fin:SegmentProfitLossBeforeTaxAndFinanceCosts><in-bse-fin:DescriptionOfReportableSegment contextRef="OneReportableFinance2D">Ready Mix Concrete</in-bse-fin:DescriptionOfReportableSegment><in-bse-fin:SegmentProfitLossBeforeTaxAndFinanceCosts contextRef="OneReportableFinance2D" unitRef="INR" decimals="-5">45700000</in-bse-fin:SegmentProfitLossBeforeTaxAndFinanceCosts><in-bse-fin:DescriptionOfReportableSegment contextRef="FourReportableFinance1D">Cement</in-bse-fin:DescriptionOfReportableSegment><in-bse-fin:SegmentProfitLossBeforeTaxAndFinanceCosts contextRef="FourReportableFinance1D" unitRef="INR" decimals="-5">7773200000</in-bse-fin:SegmentProfitLossBeforeTaxAndFinanceCosts><in-bse-fin:DescriptionOfReportableSegment contextRef="FourReportableFinance2D">Ready Mix Concrete</in-bse-fin:DescriptionOfReportableSegment><in-bse-fin:SegmentProfitLossBeforeTaxAndFinanceCosts contextRef="FourReportableFinance2D" unitRef="INR" decimals="-5">464500000</in-bse-fin:SegmentProfitLossBeforeTaxAndFinanceCosts><in-bse-fin:SegmentProfitLossBeforeTaxAndFinanceCosts contextRef="OneD" unitRef="INR" decimals="-5">2075600000</in-bse-fin:SegmentProfitLossBeforeTaxAndFinanceCosts><in-bse-fin:SegmentProfitLossBeforeTaxAndFinanceCosts contextRef="FourD" unitRef="INR" decimals="-5">8237700000</in-bse-fin:SegmentProfitLossBeforeTaxAndFinanceCosts><in-bse-fin:SegmentFinanceCosts contextRef="OneD" unitRef="INR" decimals="-5">188600000</in-bse-fin:SegmentFinanceCosts><in-bse-fin:SegmentFinanceCosts contextRef="FourD" unitRef="INR" decimals="-5">620400000</in-bse-fin:SegmentFinanceCosts><in-bse-fin:OtherUnallocableExpenditureNetOffUnAllocableIncome contextRef="OneD" unitRef="INR" decimals="-5">362500000</in-bse-fin:OtherUnallocableExpenditureNetOffUnAllocableIncome><in-bse-fin:OtherUnallocableExpenditureNetOffUnAllocableIncome contextRef="FourD" unitRef="INR" decimals="-5">-1095200000</in-bse-fin:OtherUnallocableExpenditureNetOffUnAllocableIncome><in-bse-fin:SegmentProfitBeforeTax contextRef="OneD" unitRef="INR" decimals="-5">1524500000</in-bse-fin:SegmentProfitBeforeTax><in-bse-fin:SegmentProfitBeforeTax contextRef="FourD" unitRef="INR" decimals="-5">8712500000</in-bse-fin:SegmentProfitBeforeTax><in-bse-fin:DescriptionOfReportableSegment contextRef="OneReportable31D">Cement</in-bse-fin:DescriptionOfReportableSegment><in-bse-fin:SegmentAssets contextRef="OneReportable31I" unitRef="INR" decimals="-5">152579100000</in-bse-fin:SegmentAssets><in-bse-fin:DescriptionOfReportableSegment contextRef="OneReportable32D">Ready Mix Concrete</in-bse-fin:DescriptionOfReportableSegment><in-bse-fin:SegmentAssets contextRef="OneReportable32I" unitRef="INR" decimals="-5">5460600000</in-bse-fin:SegmentAssets><in-bse-fin:SegmentAssets contextRef="OneI" unitRef="INR" decimals="-5">158039700000</in-bse-fin:SegmentAssets><in-bse-fin:UnAllocableAssets contextRef="OneI" unitRef="INR" decimals="-5">42858900000</in-bse-fin:UnAllocableAssets><in-bse-fin:NetSegmentAssets contextRef="OneI" unitRef="INR" decimals="-5">200898600000</in-bse-fin:NetSegmentAssets><in-bse-fin:DescriptionOfReportableSegment contextRef="OneReportable41D">Cement</in-bse-fin:DescriptionOfReportableSegment><in-bse-fin:SegmentLiabilities contextRef="OneReportable41I" unitRef="INR" decimals="-5">43287600000</in-bse-fin:SegmentLiabilities><in-bse-fin:DescriptionOfReportableSegment contextRef="OneReportable42D">Ready Mix Concrete</in-bse-fin:DescriptionOfReportableSegment><in-bse-fin:SegmentLiabilities contextRef="OneReportable42I" unitRef="INR" decimals="-5">4775600000</in-bse-fin:SegmentLiabilities><in-bse-fin:SegmentLiabilities contextRef="OneI" unitRef="INR" decimals="-5">48063200000</in-bse-fin:SegmentLiabilities><in-bse-fin:UnAllocableLiabilities contextRef="OneI" unitRef="INR" decimals="-5">13940400000</in-bse-fin:UnAllocableLiabilities><in-bse-fin:NetSegmentLiabilities contextRef="OneI" unitRef="INR" decimals="-5">62003600000</in-bse-fin:NetSegmentLiabilities><in-bse-fin:DescriptionOfItemThatWillNotBeReclassifiedToProfitAndLoss contextRef="D_ItemsThatWillNotBeReclassifiedToProfitAndLoss11">Re-measurement gains / (loss) on defined benefit plans</in-bse-fin:DescriptionOfItemThatWillNotBeReclassifiedToProfitAndLoss><in-bse-fin:AmountOfItemThatWillNotBeReclassifiedToProfitAndLoss contextRef="D_ItemsThatWillNotBeReclassifiedToProfitAndLoss11" unitRef="INR" decimals="-7">0</in-bse-fin:AmountOfItemThatWillNotBeReclassifiedToProfitAndLoss><in-bse-fin:DescriptionOfItemThatWillNotBeReclassifiedToProfitAndLoss contextRef="D_ItemsThatWillNotBeReclassifiedToProfitAndLoss12">Share of OCI of associates and joint ventures</in-bse-fin:DescriptionOfItemThatWillNotBeReclassifiedToProfitAndLoss><in-bse-fin:AmountOfItemThatWillNotBeReclassifiedToProfitAndLoss contextRef="D_ItemsThatWillNotBeReclassifiedToProfitAndLoss12" unitRef="INR" decimals="-7">0</in-bse-fin:AmountOfItemThatWillNotBeReclassifiedToProfitAndLoss><in-bse-fin:AmountOfItemThatWillNotBeReclassifiedToProfitAndLoss contextRef="OneD" unitRef="INR" decimals="-7">0</in-bse-fin:AmountOfItemThatWillNotBeReclassifiedToProfitAndLoss><in-bse-fin:DescriptionOfItemThatWillNotBeReclassifiedToProfitAndLoss contextRef="D_ItemsThatWillNotBeReclassifiedToProfitAndLoss41">Re-measurement gains / (loss) on defined benefit plans</in-bse-fin:DescriptionOfItemThatWillNotBeReclassifiedToProfitAndLoss><in-bse-fin:AmountOfItemThatWillNotBeReclassifiedToProfitAndLoss contextRef="D_ItemsThatWillNotBeReclassifiedToProfitAndLoss41" unitRef="INR" decimals="-5">190400000</in-bse-fin:AmountOfItemThatWillNotBeReclassifiedToProfitAndLoss><in-bse-fin:DescriptionOfItemThatWillNotBeReclassifiedToProfitAndLoss contextRef="D_ItemsThatWillNotBeReclassifiedToProfitAndLoss42">Share of OCI of associates and joint ventures</in-bse-fin:DescriptionOfItemThatWillNotBeReclassifiedToProfitAndLoss><in-bse-fin:AmountOfItemThatWillNotBeReclassifiedToProfitAndLoss contextRef="D_ItemsThatWillNotBeReclassifiedToProfitAndLoss42" unitRef="INR" decimals="-5">-900000</in-bse-fin:AmountOfItemThatWillNotBeReclassifiedToProfitAndLoss><in-bse-fin:AmountOfItemThatWillNotBeReclassifiedToProfitAndLoss contextRef="FourD" unitRef="INR" decimals="-5">189500000</in-bse-fin:AmountOfItemThatWillNotBeReclassifiedToProfitAndLoss><in-bse-fin:IncomeTaxRelatingToItmesThatWillNotBeReclassifiedToProfitOrLoss contextRef="OneD" unitRef="INR" decimals="-7">0</in-bse-fin:IncomeTaxRelatingToItmesThatWillNotBeReclassifiedToProfitOrLoss><in-bse-fin:IncomeTaxRelatingToItmesThatWillNotBeReclassifiedToProfitOrLoss contextRef="FourD" unitRef="INR" decimals="-5">47900000</in-bse-fin:IncomeTaxRelatingToItmesThatWillNotBeReclassifiedToProfitOrLoss></xbrli:xbrl>
