<?xml version="1.0" encoding="UTF-8"?>
<!--FRBanking-->
<xbrli:xbrl xmlns:in-bse-fin="http://www.bseindia.com/xbrl/fin/2019-09-30/in-bse-fin" xmlns:in-bse-fin-roles="http://www.bseindia.com/xbrl/fin/2019-09-30/in-bse-fin-roles" xmlns:in-bse-fin-ent="http://www.bseindia.com/xbrl/fin/2019-09-30/in-bse-fin/in-bse-fin-ent" xmlns:xbrldt="http://xbrl.org/2005/xbrldt" xmlns:nonnum="http://www.xbrl.org/dtr/type/non-numeric" xmlns:in-bse-fin-type="http://www.bseindia.com/xbrl/fin/2019-09-30/in-bse-fin-types" xmlns:link="http://www.xbrl.org/2003/linkbase" xmlns:net="http://www.xbrl.org/2009/role/net" xmlns:num="http://www.xbrl.org/dtr/type/numeric" xmlns:xlink="http://www.w3.org/1999/xlink" xmlns:iso4217="http://www.xbrl.org/2003/iso4217" xmlns:negated="http://www.xbrl.org/2009/role/negated" xmlns:xbrldi="http://xbrl.org/2006/xbrldi" xmlns:xbrli="http://www.xbrl.org/2003/instance" xmlns:xl="http://www.xbrl.org/2003/XLink"><link:schemaRef xlink:type="simple" xlink:href="banking_entry_point_2019-09-30.xsd"/><xbrli:context id="OneD"><xbrli:entity><xbrli:identifier scheme="http://www.bseindia.com/bse-fin/ScripCode">500180</xbrli:identifier></xbrli:entity><xbrli:period><xbrli:startDate>2023-07-01</xbrli:startDate><xbrli:endDate>2023-09-30</xbrli:endDate></xbrli:period></xbrli:context><xbrli:context id="OneI"><xbrli:entity><xbrli:identifier scheme="http://www.bseindia.com/bse-fin/ScripCode">500180</xbrli:identifier></xbrli:entity><xbrli:period><xbrli:instant>2023-09-30</xbrli:instant></xbrli:period></xbrli:context><xbrli:context id="PY_I"><xbrli:entity><xbrli:identifier scheme="http://www.bseindia.com/bse-fin/ScripCode">500180</xbrli:identifier></xbrli:entity><xbrli:period><xbrli:instant>2023-03-31</xbrli:instant></xbrli:period></xbrli:context><xbrli:context id="FourD"><xbrli:entity><xbrli:identifier scheme="http://www.bseindia.com/bse-fin/ScripCode">500180</xbrli:identifier></xbrli:entity><xbrli:period><xbrli:startDate>2023-04-01</xbrli:startDate><xbrli:endDate>2023-09-30</xbrli:endDate></xbrli:period></xbrli:context><xbrli:context id="OneExpenses1D"><xbrli:entity><xbrli:identifier scheme="http://www.bseindia.com/bse-fin/ScripCode">500180</xbrli:identifier></xbrli:entity><xbrli:period><xbrli:startDate>2023-07-01</xbrli:startDate><xbrli:endDate>2023-09-30</xbrli:endDate></xbrli:period><xbrli:scenario><xbrldi:explicitMember dimension="in-bse-fin:DetailsOfOtherOperatingExpensesAxis">in-bse-fin:OtherOperatingExpenses1Member</xbrldi:explicitMember></xbrli:scenario></xbrli:context><xbrli:context id="OneExpenses2D"><xbrli:entity><xbrli:identifier scheme="http://www.bseindia.com/bse-fin/ScripCode">500180</xbrli:identifier></xbrli:entity><xbrli:period><xbrli:startDate>2023-07-01</xbrli:startDate><xbrli:endDate>2023-09-30</xbrli:endDate></xbrli:period><xbrli:scenario><xbrldi:explicitMember dimension="in-bse-fin:DetailsOfOtherOperatingExpensesAxis">in-bse-fin:OtherOperatingExpenses2Member</xbrldi:explicitMember></xbrli:scenario></xbrli:context><xbrli:context id="FourExpenses1D"><xbrli:entity><xbrli:identifier scheme="http://www.bseindia.com/bse-fin/ScripCode">500180</xbrli:identifier></xbrli:entity><xbrli:period><xbrli:startDate>2023-04-01</xbrli:startDate><xbrli:endDate>2023-09-30</xbrli:endDate></xbrli:period><xbrli:scenario><xbrldi:explicitMember dimension="in-bse-fin:DetailsOfOtherOperatingExpensesAxis">in-bse-fin:OtherOperatingExpenses1Member</xbrldi:explicitMember></xbrli:scenario></xbrli:context><xbrli:context id="FourExpenses2D"><xbrli:entity><xbrli:identifier scheme="http://www.bseindia.com/bse-fin/ScripCode">500180</xbrli:identifier></xbrli:entity><xbrli:period><xbrli:startDate>2023-04-01</xbrli:startDate><xbrli:endDate>2023-09-30</xbrli:endDate></xbrli:period><xbrli:scenario><xbrldi:explicitMember dimension="in-bse-fin:DetailsOfOtherOperatingExpensesAxis">in-bse-fin:OtherOperatingExpenses2Member</xbrldi:explicitMember></xbrli:scenario></xbrli:context><xbrli:context id="OneReportable11D"><xbrli:entity><xbrli:identifier scheme="http://www.bseindia.com/bse-fin/ScripCode">500180</xbrli:identifier></xbrli:entity><xbrli:period><xbrli:startDate>2023-07-01</xbrli:startDate><xbrli:endDate>2023-09-30</xbrli:endDate></xbrli:period><xbrli:scenario><xbrldi:explicitMember dimension="in-bse-fin:ReportableSegmentsAxis">in-bse-fin:ReportableSegments1Member</xbrldi:explicitMember></xbrli:scenario></xbrli:context><xbrli:context id="OneReportable12D"><xbrli:entity><xbrli:identifier scheme="http://www.bseindia.com/bse-fin/ScripCode">500180</xbrli:identifier></xbrli:entity><xbrli:period><xbrli:startDate>2023-07-01</xbrli:startDate><xbrli:endDate>2023-09-30</xbrli:endDate></xbrli:period><xbrli:scenario><xbrldi:explicitMember dimension="in-bse-fin:ReportableSegmentsAxis">in-bse-fin:ReportableSegments2Member</xbrldi:explicitMember></xbrli:scenario></xbrli:context><xbrli:context id="OneReportable13D"><xbrli:entity><xbrli:identifier scheme="http://www.bseindia.com/bse-fin/ScripCode">500180</xbrli:identifier></xbrli:entity><xbrli:period><xbrli:startDate>2023-07-01</xbrli:startDate><xbrli:endDate>2023-09-30</xbrli:endDate></xbrli:period><xbrli:scenario><xbrldi:explicitMember dimension="in-bse-fin:ReportableSegmentsAxis">in-bse-fin:ReportableSegments3Member</xbrldi:explicitMember></xbrli:scenario></xbrli:context><xbrli:context id="OneReportable14D"><xbrli:entity><xbrli:identifier scheme="http://www.bseindia.com/bse-fin/ScripCode">500180</xbrli:identifier></xbrli:entity><xbrli:period><xbrli:startDate>2023-07-01</xbrli:startDate><xbrli:endDate>2023-09-30</xbrli:endDate></xbrli:period><xbrli:scenario><xbrldi:explicitMember dimension="in-bse-fin:ReportableSegmentsAxis">in-bse-fin:ReportableSegments4Member</xbrldi:explicitMember></xbrli:scenario></xbrli:context><xbrli:context id="OneReportable15D"><xbrli:entity><xbrli:identifier scheme="http://www.bseindia.com/bse-fin/ScripCode">500180</xbrli:identifier></xbrli:entity><xbrli:period><xbrli:startDate>2023-07-01</xbrli:startDate><xbrli:endDate>2023-09-30</xbrli:endDate></xbrli:period><xbrli:scenario><xbrldi:explicitMember dimension="in-bse-fin:ReportableSegmentsAxis">in-bse-fin:ReportableSegments5Member</xbrldi:explicitMember></xbrli:scenario></xbrli:context><xbrli:context id="OneReportable16D"><xbrli:entity><xbrli:identifier scheme="http://www.bseindia.com/bse-fin/ScripCode">500180</xbrli:identifier></xbrli:entity><xbrli:period><xbrli:startDate>2023-07-01</xbrli:startDate><xbrli:endDate>2023-09-30</xbrli:endDate></xbrli:period><xbrli:scenario><xbrldi:explicitMember dimension="in-bse-fin:ReportableSegmentsAxis">in-bse-fin:ReportableSegments6Member</xbrldi:explicitMember></xbrli:scenario></xbrli:context><xbrli:context id="OneReportable17D"><xbrli:entity><xbrli:identifier scheme="http://www.bseindia.com/bse-fin/ScripCode">500180</xbrli:identifier></xbrli:entity><xbrli:period><xbrli:startDate>2023-07-01</xbrli:startDate><xbrli:endDate>2023-09-30</xbrli:endDate></xbrli:period><xbrli:scenario><xbrldi:explicitMember dimension="in-bse-fin:ReportableSegmentsAxis">in-bse-fin:ReportableSegments7Member</xbrldi:explicitMember></xbrli:scenario></xbrli:context><xbrli:context id="FourReportable11D"><xbrli:entity><xbrli:identifier scheme="http://www.bseindia.com/bse-fin/ScripCode">500180</xbrli:identifier></xbrli:entity><xbrli:period><xbrli:startDate>2023-04-01</xbrli:startDate><xbrli:endDate>2023-09-30</xbrli:endDate></xbrli:period><xbrli:scenario><xbrldi:explicitMember dimension="in-bse-fin:ReportableSegmentsAxis">in-bse-fin:ReportableSegments1Member</xbrldi:explicitMember></xbrli:scenario></xbrli:context><xbrli:context id="FourReportable12D"><xbrli:entity><xbrli:identifier scheme="http://www.bseindia.com/bse-fin/ScripCode">500180</xbrli:identifier></xbrli:entity><xbrli:period><xbrli:startDate>2023-04-01</xbrli:startDate><xbrli:endDate>2023-09-30</xbrli:endDate></xbrli:period><xbrli:scenario><xbrldi:explicitMember dimension="in-bse-fin:ReportableSegmentsAxis">in-bse-fin:ReportableSegments2Member</xbrldi:explicitMember></xbrli:scenario></xbrli:context><xbrli:context id="FourReportable13D"><xbrli:entity><xbrli:identifier scheme="http://www.bseindia.com/bse-fin/ScripCode">500180</xbrli:identifier></xbrli:entity><xbrli:period><xbrli:startDate>2023-04-01</xbrli:startDate><xbrli:endDate>2023-09-30</xbrli:endDate></xbrli:period><xbrli:scenario><xbrldi:explicitMember dimension="in-bse-fin:ReportableSegmentsAxis">in-bse-fin:ReportableSegments3Member</xbrldi:explicitMember></xbrli:scenario></xbrli:context><xbrli:context id="FourReportable14D"><xbrli:entity><xbrli:identifier scheme="http://www.bseindia.com/bse-fin/ScripCode">500180</xbrli:identifier></xbrli:entity><xbrli:period><xbrli:startDate>2023-04-01</xbrli:startDate><xbrli:endDate>2023-09-30</xbrli:endDate></xbrli:period><xbrli:scenario><xbrldi:explicitMember dimension="in-bse-fin:ReportableSegmentsAxis">in-bse-fin:ReportableSegments4Member</xbrldi:explicitMember></xbrli:scenario></xbrli:context><xbrli:context id="FourReportable15D"><xbrli:entity><xbrli:identifier scheme="http://www.bseindia.com/bse-fin/ScripCode">500180</xbrli:identifier></xbrli:entity><xbrli:period><xbrli:startDate>2023-04-01</xbrli:startDate><xbrli:endDate>2023-09-30</xbrli:endDate></xbrli:period><xbrli:scenario><xbrldi:explicitMember dimension="in-bse-fin:ReportableSegmentsAxis">in-bse-fin:ReportableSegments5Member</xbrldi:explicitMember></xbrli:scenario></xbrli:context><xbrli:context id="FourReportable16D"><xbrli:entity><xbrli:identifier scheme="http://www.bseindia.com/bse-fin/ScripCode">500180</xbrli:identifier></xbrli:entity><xbrli:period><xbrli:startDate>2023-04-01</xbrli:startDate><xbrli:endDate>2023-09-30</xbrli:endDate></xbrli:period><xbrli:scenario><xbrldi:explicitMember dimension="in-bse-fin:ReportableSegmentsAxis">in-bse-fin:ReportableSegments6Member</xbrldi:explicitMember></xbrli:scenario></xbrli:context><xbrli:context id="FourReportable17D"><xbrli:entity><xbrli:identifier scheme="http://www.bseindia.com/bse-fin/ScripCode">500180</xbrli:identifier></xbrli:entity><xbrli:period><xbrli:startDate>2023-04-01</xbrli:startDate><xbrli:endDate>2023-09-30</xbrli:endDate></xbrli:period><xbrli:scenario><xbrldi:explicitMember dimension="in-bse-fin:ReportableSegmentsAxis">in-bse-fin:ReportableSegments7Member</xbrldi:explicitMember></xbrli:scenario></xbrli:context><xbrli:context id="OneReportable21D"><xbrli:entity><xbrli:identifier scheme="http://www.bseindia.com/bse-fin/ScripCode">500180</xbrli:identifier></xbrli:entity><xbrli:period><xbrli:startDate>2023-07-01</xbrli:startDate><xbrli:endDate>2023-09-30</xbrli:endDate></xbrli:period><xbrli:scenario><xbrldi:explicitMember dimension="in-bse-fin:ReportableSegmentsFinanceCostsAxis">in-bse-fin:ReportableSegments1Member</xbrldi:explicitMember></xbrli:scenario></xbrli:context><xbrli:context id="OneReportable22D"><xbrli:entity><xbrli:identifier scheme="http://www.bseindia.com/bse-fin/ScripCode">500180</xbrli:identifier></xbrli:entity><xbrli:period><xbrli:startDate>2023-07-01</xbrli:startDate><xbrli:endDate>2023-09-30</xbrli:endDate></xbrli:period><xbrli:scenario><xbrldi:explicitMember dimension="in-bse-fin:ReportableSegmentsFinanceCostsAxis">in-bse-fin:ReportableSegments2Member</xbrldi:explicitMember></xbrli:scenario></xbrli:context><xbrli:context id="OneReportable23D"><xbrli:entity><xbrli:identifier scheme="http://www.bseindia.com/bse-fin/ScripCode">500180</xbrli:identifier></xbrli:entity><xbrli:period><xbrli:startDate>2023-07-01</xbrli:startDate><xbrli:endDate>2023-09-30</xbrli:endDate></xbrli:period><xbrli:scenario><xbrldi:explicitMember dimension="in-bse-fin:ReportableSegmentsFinanceCostsAxis">in-bse-fin:ReportableSegments3Member</xbrldi:explicitMember></xbrli:scenario></xbrli:context><xbrli:context id="OneReportable24D"><xbrli:entity><xbrli:identifier scheme="http://www.bseindia.com/bse-fin/ScripCode">500180</xbrli:identifier></xbrli:entity><xbrli:period><xbrli:startDate>2023-07-01</xbrli:startDate><xbrli:endDate>2023-09-30</xbrli:endDate></xbrli:period><xbrli:scenario><xbrldi:explicitMember dimension="in-bse-fin:ReportableSegmentsFinanceCostsAxis">in-bse-fin:ReportableSegments4Member</xbrldi:explicitMember></xbrli:scenario></xbrli:context><xbrli:context id="OneReportable25D"><xbrli:entity><xbrli:identifier scheme="http://www.bseindia.com/bse-fin/ScripCode">500180</xbrli:identifier></xbrli:entity><xbrli:period><xbrli:startDate>2023-07-01</xbrli:startDate><xbrli:endDate>2023-09-30</xbrli:endDate></xbrli:period><xbrli:scenario><xbrldi:explicitMember dimension="in-bse-fin:ReportableSegmentsFinanceCostsAxis">in-bse-fin:ReportableSegments5Member</xbrldi:explicitMember></xbrli:scenario></xbrli:context><xbrli:context id="OneReportable26D"><xbrli:entity><xbrli:identifier scheme="http://www.bseindia.com/bse-fin/ScripCode">500180</xbrli:identifier></xbrli:entity><xbrli:period><xbrli:startDate>2023-07-01</xbrli:startDate><xbrli:endDate>2023-09-30</xbrli:endDate></xbrli:period><xbrli:scenario><xbrldi:explicitMember dimension="in-bse-fin:ReportableSegmentsFinanceCostsAxis">in-bse-fin:ReportableSegments6Member</xbrldi:explicitMember></xbrli:scenario></xbrli:context><xbrli:context id="OneReportable27D"><xbrli:entity><xbrli:identifier scheme="http://www.bseindia.com/bse-fin/ScripCode">500180</xbrli:identifier></xbrli:entity><xbrli:period><xbrli:startDate>2023-07-01</xbrli:startDate><xbrli:endDate>2023-09-30</xbrli:endDate></xbrli:period><xbrli:scenario><xbrldi:explicitMember dimension="in-bse-fin:ReportableSegmentsFinanceCostsAxis">in-bse-fin:ReportableSegments7Member</xbrldi:explicitMember></xbrli:scenario></xbrli:context><xbrli:context id="FourReportable21D"><xbrli:entity><xbrli:identifier scheme="http://www.bseindia.com/bse-fin/ScripCode">500180</xbrli:identifier></xbrli:entity><xbrli:period><xbrli:startDate>2023-04-01</xbrli:startDate><xbrli:endDate>2023-09-30</xbrli:endDate></xbrli:period><xbrli:scenario><xbrldi:explicitMember dimension="in-bse-fin:ReportableSegmentsFinanceCostsAxis">in-bse-fin:ReportableSegments1Member</xbrldi:explicitMember></xbrli:scenario></xbrli:context><xbrli:context id="FourReportable22D"><xbrli:entity><xbrli:identifier scheme="http://www.bseindia.com/bse-fin/ScripCode">500180</xbrli:identifier></xbrli:entity><xbrli:period><xbrli:startDate>2023-04-01</xbrli:startDate><xbrli:endDate>2023-09-30</xbrli:endDate></xbrli:period><xbrli:scenario><xbrldi:explicitMember dimension="in-bse-fin:ReportableSegmentsFinanceCostsAxis">in-bse-fin:ReportableSegments2Member</xbrldi:explicitMember></xbrli:scenario></xbrli:context><xbrli:context id="FourReportable23D"><xbrli:entity><xbrli:identifier scheme="http://www.bseindia.com/bse-fin/ScripCode">500180</xbrli:identifier></xbrli:entity><xbrli:period><xbrli:startDate>2023-04-01</xbrli:startDate><xbrli:endDate>2023-09-30</xbrli:endDate></xbrli:period><xbrli:scenario><xbrldi:explicitMember dimension="in-bse-fin:ReportableSegmentsFinanceCostsAxis">in-bse-fin:ReportableSegments3Member</xbrldi:explicitMember></xbrli:scenario></xbrli:context><xbrli:context id="FourReportable24D"><xbrli:entity><xbrli:identifier scheme="http://www.bseindia.com/bse-fin/ScripCode">500180</xbrli:identifier></xbrli:entity><xbrli:period><xbrli:startDate>2023-04-01</xbrli:startDate><xbrli:endDate>2023-09-30</xbrli:endDate></xbrli:period><xbrli:scenario><xbrldi:explicitMember dimension="in-bse-fin:ReportableSegmentsFinanceCostsAxis">in-bse-fin:ReportableSegments4Member</xbrldi:explicitMember></xbrli:scenario></xbrli:context><xbrli:context id="FourReportable25D"><xbrli:entity><xbrli:identifier scheme="http://www.bseindia.com/bse-fin/ScripCode">500180</xbrli:identifier></xbrli:entity><xbrli:period><xbrli:startDate>2023-04-01</xbrli:startDate><xbrli:endDate>2023-09-30</xbrli:endDate></xbrli:period><xbrli:scenario><xbrldi:explicitMember dimension="in-bse-fin:ReportableSegmentsFinanceCostsAxis">in-bse-fin:ReportableSegments5Member</xbrldi:explicitMember></xbrli:scenario></xbrli:context><xbrli:context id="FourReportable26D"><xbrli:entity><xbrli:identifier scheme="http://www.bseindia.com/bse-fin/ScripCode">500180</xbrli:identifier></xbrli:entity><xbrli:period><xbrli:startDate>2023-04-01</xbrli:startDate><xbrli:endDate>2023-09-30</xbrli:endDate></xbrli:period><xbrli:scenario><xbrldi:explicitMember dimension="in-bse-fin:ReportableSegmentsFinanceCostsAxis">in-bse-fin:ReportableSegments6Member</xbrldi:explicitMember></xbrli:scenario></xbrli:context><xbrli:context id="FourReportable27D"><xbrli:entity><xbrli:identifier scheme="http://www.bseindia.com/bse-fin/ScripCode">500180</xbrli:identifier></xbrli:entity><xbrli:period><xbrli:startDate>2023-04-01</xbrli:startDate><xbrli:endDate>2023-09-30</xbrli:endDate></xbrli:period><xbrli:scenario><xbrldi:explicitMember dimension="in-bse-fin:ReportableSegmentsFinanceCostsAxis">in-bse-fin:ReportableSegments7Member</xbrldi:explicitMember></xbrli:scenario></xbrli:context><xbrli:context id="OneReportable31D"><xbrli:entity><xbrli:identifier scheme="http://www.bseindia.com/bse-fin/ScripCode">500180</xbrli:identifier></xbrli:entity><xbrli:period><xbrli:startDate>2023-07-01</xbrli:startDate><xbrli:endDate>2023-09-30</xbrli:endDate></xbrli:period><xbrli:scenario><xbrldi:explicitMember dimension="in-bse-fin:ReportableSegmentAssetsAxis">in-bse-fin:ReportableSegments1Member</xbrldi:explicitMember></xbrli:scenario></xbrli:context><xbrli:context id="OneReportable31I"><xbrli:entity><xbrli:identifier scheme="http://www.bseindia.com/bse-fin/ScripCode">500180</xbrli:identifier></xbrli:entity><xbrli:period><xbrli:instant>2023-09-30</xbrli:instant></xbrli:period><xbrli:scenario><xbrldi:explicitMember dimension="in-bse-fin:ReportableSegmentAssetsAxis">in-bse-fin:ReportableSegments1Member</xbrldi:explicitMember></xbrli:scenario></xbrli:context><xbrli:context id="OneReportable32D"><xbrli:entity><xbrli:identifier scheme="http://www.bseindia.com/bse-fin/ScripCode">500180</xbrli:identifier></xbrli:entity><xbrli:period><xbrli:startDate>2023-07-01</xbrli:startDate><xbrli:endDate>2023-09-30</xbrli:endDate></xbrli:period><xbrli:scenario><xbrldi:explicitMember dimension="in-bse-fin:ReportableSegmentAssetsAxis">in-bse-fin:ReportableSegments2Member</xbrldi:explicitMember></xbrli:scenario></xbrli:context><xbrli:context id="OneReportable32I"><xbrli:entity><xbrli:identifier scheme="http://www.bseindia.com/bse-fin/ScripCode">500180</xbrli:identifier></xbrli:entity><xbrli:period><xbrli:instant>2023-09-30</xbrli:instant></xbrli:period><xbrli:scenario><xbrldi:explicitMember dimension="in-bse-fin:ReportableSegmentAssetsAxis">in-bse-fin:ReportableSegments2Member</xbrldi:explicitMember></xbrli:scenario></xbrli:context><xbrli:context id="OneReportable33D"><xbrli:entity><xbrli:identifier scheme="http://www.bseindia.com/bse-fin/ScripCode">500180</xbrli:identifier></xbrli:entity><xbrli:period><xbrli:startDate>2023-07-01</xbrli:startDate><xbrli:endDate>2023-09-30</xbrli:endDate></xbrli:period><xbrli:scenario><xbrldi:explicitMember dimension="in-bse-fin:ReportableSegmentAssetsAxis">in-bse-fin:ReportableSegments3Member</xbrldi:explicitMember></xbrli:scenario></xbrli:context><xbrli:context id="OneReportable33I"><xbrli:entity><xbrli:identifier scheme="http://www.bseindia.com/bse-fin/ScripCode">500180</xbrli:identifier></xbrli:entity><xbrli:period><xbrli:instant>2023-09-30</xbrli:instant></xbrli:period><xbrli:scenario><xbrldi:explicitMember dimension="in-bse-fin:ReportableSegmentAssetsAxis">in-bse-fin:ReportableSegments3Member</xbrldi:explicitMember></xbrli:scenario></xbrli:context><xbrli:context id="OneReportable34D"><xbrli:entity><xbrli:identifier scheme="http://www.bseindia.com/bse-fin/ScripCode">500180</xbrli:identifier></xbrli:entity><xbrli:period><xbrli:startDate>2023-07-01</xbrli:startDate><xbrli:endDate>2023-09-30</xbrli:endDate></xbrli:period><xbrli:scenario><xbrldi:explicitMember dimension="in-bse-fin:ReportableSegmentAssetsAxis">in-bse-fin:ReportableSegments4Member</xbrldi:explicitMember></xbrli:scenario></xbrli:context><xbrli:context id="OneReportable34I"><xbrli:entity><xbrli:identifier scheme="http://www.bseindia.com/bse-fin/ScripCode">500180</xbrli:identifier></xbrli:entity><xbrli:period><xbrli:instant>2023-09-30</xbrli:instant></xbrli:period><xbrli:scenario><xbrldi:explicitMember dimension="in-bse-fin:ReportableSegmentAssetsAxis">in-bse-fin:ReportableSegments4Member</xbrldi:explicitMember></xbrli:scenario></xbrli:context><xbrli:context id="OneReportable35D"><xbrli:entity><xbrli:identifier scheme="http://www.bseindia.com/bse-fin/ScripCode">500180</xbrli:identifier></xbrli:entity><xbrli:period><xbrli:startDate>2023-07-01</xbrli:startDate><xbrli:endDate>2023-09-30</xbrli:endDate></xbrli:period><xbrli:scenario><xbrldi:explicitMember dimension="in-bse-fin:ReportableSegmentAssetsAxis">in-bse-fin:ReportableSegments5Member</xbrldi:explicitMember></xbrli:scenario></xbrli:context><xbrli:context id="OneReportable35I"><xbrli:entity><xbrli:identifier scheme="http://www.bseindia.com/bse-fin/ScripCode">500180</xbrli:identifier></xbrli:entity><xbrli:period><xbrli:instant>2023-09-30</xbrli:instant></xbrli:period><xbrli:scenario><xbrldi:explicitMember dimension="in-bse-fin:ReportableSegmentAssetsAxis">in-bse-fin:ReportableSegments5Member</xbrldi:explicitMember></xbrli:scenario></xbrli:context><xbrli:context id="OneReportable36D"><xbrli:entity><xbrli:identifier scheme="http://www.bseindia.com/bse-fin/ScripCode">500180</xbrli:identifier></xbrli:entity><xbrli:period><xbrli:startDate>2023-07-01</xbrli:startDate><xbrli:endDate>2023-09-30</xbrli:endDate></xbrli:period><xbrli:scenario><xbrldi:explicitMember dimension="in-bse-fin:ReportableSegmentAssetsAxis">in-bse-fin:ReportableSegments6Member</xbrldi:explicitMember></xbrli:scenario></xbrli:context><xbrli:context id="OneReportable36I"><xbrli:entity><xbrli:identifier scheme="http://www.bseindia.com/bse-fin/ScripCode">500180</xbrli:identifier></xbrli:entity><xbrli:period><xbrli:instant>2023-09-30</xbrli:instant></xbrli:period><xbrli:scenario><xbrldi:explicitMember dimension="in-bse-fin:ReportableSegmentAssetsAxis">in-bse-fin:ReportableSegments6Member</xbrldi:explicitMember></xbrli:scenario></xbrli:context><xbrli:context id="OneReportable37D"><xbrli:entity><xbrli:identifier scheme="http://www.bseindia.com/bse-fin/ScripCode">500180</xbrli:identifier></xbrli:entity><xbrli:period><xbrli:startDate>2023-07-01</xbrli:startDate><xbrli:endDate>2023-09-30</xbrli:endDate></xbrli:period><xbrli:scenario><xbrldi:explicitMember dimension="in-bse-fin:ReportableSegmentAssetsAxis">in-bse-fin:ReportableSegments7Member</xbrldi:explicitMember></xbrli:scenario></xbrli:context><xbrli:context id="OneReportable37I"><xbrli:entity><xbrli:identifier scheme="http://www.bseindia.com/bse-fin/ScripCode">500180</xbrli:identifier></xbrli:entity><xbrli:period><xbrli:instant>2023-09-30</xbrli:instant></xbrli:period><xbrli:scenario><xbrldi:explicitMember dimension="in-bse-fin:ReportableSegmentAssetsAxis">in-bse-fin:ReportableSegments7Member</xbrldi:explicitMember></xbrli:scenario></xbrli:context><xbrli:context id="OneReportable41D"><xbrli:entity><xbrli:identifier scheme="http://www.bseindia.com/bse-fin/ScripCode">500180</xbrli:identifier></xbrli:entity><xbrli:period><xbrli:startDate>2023-07-01</xbrli:startDate><xbrli:endDate>2023-09-30</xbrli:endDate></xbrli:period><xbrli:scenario><xbrldi:explicitMember dimension="in-bse-fin:ReportableSegmentLiabilitiesAxis">in-bse-fin:ReportableSegments1Member</xbrldi:explicitMember></xbrli:scenario></xbrli:context><xbrli:context id="OneReportable41I"><xbrli:entity><xbrli:identifier scheme="http://www.bseindia.com/bse-fin/ScripCode">500180</xbrli:identifier></xbrli:entity><xbrli:period><xbrli:instant>2023-09-30</xbrli:instant></xbrli:period><xbrli:scenario><xbrldi:explicitMember dimension="in-bse-fin:ReportableSegmentLiabilitiesAxis">in-bse-fin:ReportableSegments1Member</xbrldi:explicitMember></xbrli:scenario></xbrli:context><xbrli:context id="OneReportable42D"><xbrli:entity><xbrli:identifier scheme="http://www.bseindia.com/bse-fin/ScripCode">500180</xbrli:identifier></xbrli:entity><xbrli:period><xbrli:startDate>2023-07-01</xbrli:startDate><xbrli:endDate>2023-09-30</xbrli:endDate></xbrli:period><xbrli:scenario><xbrldi:explicitMember dimension="in-bse-fin:ReportableSegmentLiabilitiesAxis">in-bse-fin:ReportableSegments2Member</xbrldi:explicitMember></xbrli:scenario></xbrli:context><xbrli:context id="OneReportable42I"><xbrli:entity><xbrli:identifier scheme="http://www.bseindia.com/bse-fin/ScripCode">500180</xbrli:identifier></xbrli:entity><xbrli:period><xbrli:instant>2023-09-30</xbrli:instant></xbrli:period><xbrli:scenario><xbrldi:explicitMember dimension="in-bse-fin:ReportableSegmentLiabilitiesAxis">in-bse-fin:ReportableSegments2Member</xbrldi:explicitMember></xbrli:scenario></xbrli:context><xbrli:context id="OneReportable43D"><xbrli:entity><xbrli:identifier scheme="http://www.bseindia.com/bse-fin/ScripCode">500180</xbrli:identifier></xbrli:entity><xbrli:period><xbrli:startDate>2023-07-01</xbrli:startDate><xbrli:endDate>2023-09-30</xbrli:endDate></xbrli:period><xbrli:scenario><xbrldi:explicitMember dimension="in-bse-fin:ReportableSegmentLiabilitiesAxis">in-bse-fin:ReportableSegments3Member</xbrldi:explicitMember></xbrli:scenario></xbrli:context><xbrli:context id="OneReportable43I"><xbrli:entity><xbrli:identifier scheme="http://www.bseindia.com/bse-fin/ScripCode">500180</xbrli:identifier></xbrli:entity><xbrli:period><xbrli:instant>2023-09-30</xbrli:instant></xbrli:period><xbrli:scenario><xbrldi:explicitMember dimension="in-bse-fin:ReportableSegmentLiabilitiesAxis">in-bse-fin:ReportableSegments3Member</xbrldi:explicitMember></xbrli:scenario></xbrli:context><xbrli:context id="OneReportable44D"><xbrli:entity><xbrli:identifier scheme="http://www.bseindia.com/bse-fin/ScripCode">500180</xbrli:identifier></xbrli:entity><xbrli:period><xbrli:startDate>2023-07-01</xbrli:startDate><xbrli:endDate>2023-09-30</xbrli:endDate></xbrli:period><xbrli:scenario><xbrldi:explicitMember dimension="in-bse-fin:ReportableSegmentLiabilitiesAxis">in-bse-fin:ReportableSegments4Member</xbrldi:explicitMember></xbrli:scenario></xbrli:context><xbrli:context id="OneReportable44I"><xbrli:entity><xbrli:identifier scheme="http://www.bseindia.com/bse-fin/ScripCode">500180</xbrli:identifier></xbrli:entity><xbrli:period><xbrli:instant>2023-09-30</xbrli:instant></xbrli:period><xbrli:scenario><xbrldi:explicitMember dimension="in-bse-fin:ReportableSegmentLiabilitiesAxis">in-bse-fin:ReportableSegments4Member</xbrldi:explicitMember></xbrli:scenario></xbrli:context><xbrli:context id="OneReportable45D"><xbrli:entity><xbrli:identifier scheme="http://www.bseindia.com/bse-fin/ScripCode">500180</xbrli:identifier></xbrli:entity><xbrli:period><xbrli:startDate>2023-07-01</xbrli:startDate><xbrli:endDate>2023-09-30</xbrli:endDate></xbrli:period><xbrli:scenario><xbrldi:explicitMember dimension="in-bse-fin:ReportableSegmentLiabilitiesAxis">in-bse-fin:ReportableSegments5Member</xbrldi:explicitMember></xbrli:scenario></xbrli:context><xbrli:context id="OneReportable45I"><xbrli:entity><xbrli:identifier scheme="http://www.bseindia.com/bse-fin/ScripCode">500180</xbrli:identifier></xbrli:entity><xbrli:period><xbrli:instant>2023-09-30</xbrli:instant></xbrli:period><xbrli:scenario><xbrldi:explicitMember dimension="in-bse-fin:ReportableSegmentLiabilitiesAxis">in-bse-fin:ReportableSegments5Member</xbrldi:explicitMember></xbrli:scenario></xbrli:context><xbrli:context id="OneReportable46D"><xbrli:entity><xbrli:identifier scheme="http://www.bseindia.com/bse-fin/ScripCode">500180</xbrli:identifier></xbrli:entity><xbrli:period><xbrli:startDate>2023-07-01</xbrli:startDate><xbrli:endDate>2023-09-30</xbrli:endDate></xbrli:period><xbrli:scenario><xbrldi:explicitMember dimension="in-bse-fin:ReportableSegmentLiabilitiesAxis">in-bse-fin:ReportableSegments6Member</xbrldi:explicitMember></xbrli:scenario></xbrli:context><xbrli:context id="OneReportable46I"><xbrli:entity><xbrli:identifier scheme="http://www.bseindia.com/bse-fin/ScripCode">500180</xbrli:identifier></xbrli:entity><xbrli:period><xbrli:instant>2023-09-30</xbrli:instant></xbrli:period><xbrli:scenario><xbrldi:explicitMember dimension="in-bse-fin:ReportableSegmentLiabilitiesAxis">in-bse-fin:ReportableSegments6Member</xbrldi:explicitMember></xbrli:scenario></xbrli:context><xbrli:context id="OneReportable47D"><xbrli:entity><xbrli:identifier scheme="http://www.bseindia.com/bse-fin/ScripCode">500180</xbrli:identifier></xbrli:entity><xbrli:period><xbrli:startDate>2023-07-01</xbrli:startDate><xbrli:endDate>2023-09-30</xbrli:endDate></xbrli:period><xbrli:scenario><xbrldi:explicitMember dimension="in-bse-fin:ReportableSegmentLiabilitiesAxis">in-bse-fin:ReportableSegments7Member</xbrldi:explicitMember></xbrli:scenario></xbrli:context><xbrli:context id="OneReportable47I"><xbrli:entity><xbrli:identifier scheme="http://www.bseindia.com/bse-fin/ScripCode">500180</xbrli:identifier></xbrli:entity><xbrli:period><xbrli:instant>2023-09-30</xbrli:instant></xbrli:period><xbrli:scenario><xbrldi:explicitMember dimension="in-bse-fin:ReportableSegmentLiabilitiesAxis">in-bse-fin:ReportableSegments7Member</xbrldi:explicitMember></xbrli:scenario></xbrli:context><xbrli:unit id="INR"><xbrli:measure>iso4217:INR</xbrli:measure></xbrli:unit><xbrli:unit id="pure"><xbrli:measure>xbrli:pure</xbrli:measure></xbrli:unit><xbrli:unit id="INRPerShare"><xbrli:divide><xbrli:unitNumerator><xbrli:measure>iso4217:INR</xbrli:measure></xbrli:unitNumerator><xbrli:unitDenominator><xbrli:measure>xbrli:shares</xbrli:measure></xbrli:unitDenominator></xbrli:divide></xbrli:unit><in-bse-fin:ScripCode contextRef="OneD">500180</in-bse-fin:ScripCode><in-bse-fin:Symbol contextRef="OneD">HDFCBANK</in-bse-fin:Symbol><in-bse-fin:MSEISymbol contextRef="OneD">NOTLISTED</in-bse-fin:MSEISymbol><in-bse-fin:ISIN contextRef="OneD">INE040A01034</in-bse-fin:ISIN><in-bse-fin:NameOfBank contextRef="OneD">HDFCBANKLIMITED</in-bse-fin:NameOfBank><in-bse-fin:ResultType contextRef="OneD">Banking Format</in-bse-fin:ResultType><in-bse-fin:ClassOfSecurity contextRef="OneD">Equity</in-bse-fin:ClassOfSecurity><in-bse-fin:DateOfStartOfFinancialYear contextRef="OneD">2023-04-01</in-bse-fin:DateOfStartOfFinancialYear><in-bse-fin:DateOfEndOfFinancialYear contextRef="OneD">2024-03-31</in-bse-fin:DateOfEndOfFinancialYear><in-bse-fin:DateOfBoardMeetingWhenFinancialResultsWereApproved contextRef="OneD">2023-10-16</in-bse-fin:DateOfBoardMeetingWhenFinancialResultsWereApproved><in-bse-fin:DateOnWhichPriorIntimationOfTheMeetingForConsideringFinancialResultsWasInformedToTheExchange contextRef="OneD">2023-10-06</in-bse-fin:DateOnWhichPriorIntimationOfTheMeetingForConsideringFinancialResultsWasInformedToTheExchange><in-bse-fin:DescriptionOfPresentationCurrency contextRef="OneD">INR</in-bse-fin:DescriptionOfPresentationCurrency><in-bse-fin:LevelOfRoundingUsedInFinancialStatements contextRef="OneD">Lakhs</in-bse-fin:LevelOfRoundingUsedInFinancialStatements><in-bse-fin:ReportingQuarter contextRef="OneD">Half yearly</in-bse-fin:ReportingQuarter><in-bse-fin:IsCompanyReportingMultisegmentOrSingleSegment contextRef="OneD">Multi segment</in-bse-fin:IsCompanyReportingMultisegmentOrSingleSegment><in-bse-fin:DateOfStartOfBoardMeeting contextRef="OneD">2023-10-16</in-bse-fin:DateOfStartOfBoardMeeting><in-bse-fin:StartTimeOfBoardMeeting contextRef="OneD">12:00:00</in-bse-fin:StartTimeOfBoardMeeting><in-bse-fin:DateOfEndOfBoardMeeting contextRef="OneD">2023-10-16</in-bse-fin:DateOfEndOfBoardMeeting><in-bse-fin:EndTimeOfBoardMeeting contextRef="OneD">15:40:00</in-bse-fin:EndTimeOfBoardMeeting><in-bse-fin:WhetherCashFlowStatementIsApplicableOnCompany contextRef="OneD">true</in-bse-fin:WhetherCashFlowStatementIsApplicableOnCompany><in-bse-fin:TypeOfCashFlowStatement contextRef="OneD">Cash Flow Indirect</in-bse-fin:TypeOfCashFlowStatement><in-bse-fin:DeclarationOfUnmodifiedOpinionOrStatementOnImpactOfAuditQualification contextRef="OneD">Not applicable</in-bse-fin:DeclarationOfUnmodifiedOpinionOrStatementOnImpactOfAuditQualification><in-bse-fin:DateOfStartOfReportingPeriod contextRef="OneD">2023-07-01</in-bse-fin:DateOfStartOfReportingPeriod><in-bse-fin:DateOfEndOfReportingPeriod contextRef="OneD">2023-09-30</in-bse-fin:DateOfEndOfReportingPeriod><in-bse-fin:WhetherResultsAreAuditedOrUnaudited contextRef="OneD">Unaudited</in-bse-fin:WhetherResultsAreAuditedOrUnaudited><in-bse-fin:NatureOfReportStandaloneConsolidated contextRef="OneD">Consolidated</in-bse-fin:NatureOfReportStandaloneConsolidated><in-bse-fin:InterestOrDiscountOnAdvancesOrBills contextRef="OneD" unitRef="INR" decimals="-5">568965700000</in-bse-fin:InterestOrDiscountOnAdvancesOrBills><in-bse-fin:RevenueOnInvestments contextRef="OneD" unitRef="INR" decimals="-5">160918100000</in-bse-fin:RevenueOnInvestments><in-bse-fin:InterestOnBalancesWithReserveBankOfIndiaAndOtherInterBankFunds contextRef="OneD" unitRef="INR" decimals="-5">4899800000</in-bse-fin:InterestOnBalancesWithReserveBankOfIndiaAndOtherInterBankFunds><in-bse-fin:OtherInterest contextRef="OneD" unitRef="INR" decimals="-5">15607400000</in-bse-fin:OtherInterest><in-bse-fin:InterestEarned contextRef="OneD" unitRef="INR" decimals="-5">750391000000</in-bse-fin:InterestEarned><in-bse-fin:OtherIncome contextRef="OneD" unitRef="INR" decimals="-5">325275200000</in-bse-fin:OtherIncome><in-bse-fin:Income contextRef="OneD" unitRef="INR" decimals="-5">1075666200000</in-bse-fin:Income><in-bse-fin:InterestExpended contextRef="OneD" unitRef="INR" decimals="-5">412499100000</in-bse-fin:InterestExpended><in-bse-fin:EmployeesCost contextRef="OneD" unitRef="INR" decimals="-5">77890500000</in-bse-fin:EmployeesCost><in-bse-fin:OtherOperatingExpenses contextRef="OneD" unitRef="INR" decimals="-5">342485400000</in-bse-fin:OtherOperatingExpenses><in-bse-fin:OperatingExpenses contextRef="OneD" unitRef="INR" decimals="-5">420375900000</in-bse-fin:OperatingExpenses><in-bse-fin:ExpenditureExcludingProvisionsAndContingencies contextRef="OneD" unitRef="INR" decimals="-5">832875000000</in-bse-fin:ExpenditureExcludingProvisionsAndContingencies><in-bse-fin:OperatingProfitBeforeProvisionAndContingencies contextRef="OneD" unitRef="INR" decimals="-5">242791200000</in-bse-fin:OperatingProfitBeforeProvisionAndContingencies><in-bse-fin:ProvisionsOtherThanTaxAndContingencies contextRef="OneD" unitRef="INR" decimals="-5">33117400000</in-bse-fin:ProvisionsOtherThanTaxAndContingencies><in-bse-fin:ExceptionalItems contextRef="OneD" unitRef="INR" decimals="-5">0</in-bse-fin:ExceptionalItems><in-bse-fin:ProfitLossFromOrdinaryActivitiesBeforeTax contextRef="OneD" unitRef="INR" decimals="-5">209673800000</in-bse-fin:ProfitLossFromOrdinaryActivitiesBeforeTax><in-bse-fin:TaxExpense contextRef="OneD" unitRef="INR" decimals="-5">36550000000</in-bse-fin:TaxExpense><in-bse-fin:ProfitLossFromOrdinaryActivitiesAfterTax contextRef="OneD" unitRef="INR" decimals="-5">173123800000</in-bse-fin:ProfitLossFromOrdinaryActivitiesAfterTax><in-bse-fin:ExtraordinaryItems contextRef="OneD" unitRef="INR" decimals="-5">0</in-bse-fin:ExtraordinaryItems><in-bse-fin:ProfitLossForThePeriod contextRef="OneD" unitRef="INR" decimals="-5">173123800000</in-bse-fin:ProfitLossForThePeriod><in-bse-fin:ShareOfProfitLossOfAssociates contextRef="OneD" unitRef="INR" decimals="-5">0</in-bse-fin:ShareOfProfitLossOfAssociates><in-bse-fin:ProfitLossOfMinorityInterest contextRef="OneD" unitRef="INR" decimals="-5">5009700000</in-bse-fin:ProfitLossOfMinorityInterest><in-bse-fin:ProfitLossAfterTaxesMinorityInterestAndShareOfProfitLossOfAssociates contextRef="OneD" unitRef="INR" decimals="-5">168114100000</in-bse-fin:ProfitLossAfterTaxesMinorityInterestAndShareOfProfitLossOfAssociates><in-bse-fin:PaidUpValueOfEquityShareCapital contextRef="OneD" unitRef="INR" decimals="-5">7581800000</in-bse-fin:PaidUpValueOfEquityShareCapital><in-bse-fin:FaceValueOfEquityShareCapital contextRef="OneD" unitRef="INRPerShare" decimals="INF">1</in-bse-fin:FaceValueOfEquityShareCapital><in-bse-fin:PercentageOfShareHeldByGovernmentOfIndia contextRef="OneD" unitRef="pure" decimals="INF">0</in-bse-fin:PercentageOfShareHeldByGovernmentOfIndia><in-bse-fin:CET1Ratio contextRef="OneD" unitRef="pure" decimals="INF">0</in-bse-fin:CET1Ratio><in-bse-fin:AdditionalTier1Ratio contextRef="OneD" unitRef="pure" decimals="INF">0</in-bse-fin:AdditionalTier1Ratio><in-bse-fin:BasicEarningsPerShareBeforeExtraordinaryItems contextRef="OneD" unitRef="INRPerShare" decimals="INF">22.24</in-bse-fin:BasicEarningsPerShareBeforeExtraordinaryItems><in-bse-fin:DilutedEarningsPerShareBeforeExtraordinaryItems contextRef="OneD" unitRef="INRPerShare" decimals="INF">22.12</in-bse-fin:DilutedEarningsPerShareBeforeExtraordinaryItems><in-bse-fin:BasicEarningsPerShareAfterExtraordinaryItems contextRef="OneD" unitRef="INRPerShare" decimals="INF">22.24</in-bse-fin:BasicEarningsPerShareAfterExtraordinaryItems><in-bse-fin:DilutedEarningsPerShareAfterExtraordinaryItems contextRef="OneD" unitRef="INRPerShare" decimals="INF">22.12</in-bse-fin:DilutedEarningsPerShareAfterExtraordinaryItems><in-bse-fin:GrossNonPerformingAssets contextRef="OneD" unitRef="INR" decimals="-5">0</in-bse-fin:GrossNonPerformingAssets><in-bse-fin:NonPerformingAssets contextRef="OneD" unitRef="INR" decimals="-5">0</in-bse-fin:NonPerformingAssets><in-bse-fin:PercentageOfGrossNpa contextRef="OneD" unitRef="pure" decimals="INF">0</in-bse-fin:PercentageOfGrossNpa><in-bse-fin:PercentageOfNpa contextRef="OneD" unitRef="pure" decimals="INF">0</in-bse-fin:PercentageOfNpa><in-bse-fin:ReturnOnAssets contextRef="OneD" unitRef="pure" decimals="INF">0</in-bse-fin:ReturnOnAssets><in-bse-fin:DateOfStartOfReportingPeriod contextRef="FourD">2023-04-01</in-bse-fin:DateOfStartOfReportingPeriod><in-bse-fin:DateOfEndOfReportingPeriod contextRef="FourD">2023-09-30</in-bse-fin:DateOfEndOfReportingPeriod><in-bse-fin:WhetherResultsAreAuditedOrUnaudited contextRef="FourD">Unaudited</in-bse-fin:WhetherResultsAreAuditedOrUnaudited><in-bse-fin:NatureOfReportStandaloneConsolidated contextRef="FourD">Consolidated</in-bse-fin:NatureOfReportStandaloneConsolidated><in-bse-fin:InterestOrDiscountOnAdvancesOrBills contextRef="FourD" unitRef="INR" decimals="-5">973493400000</in-bse-fin:InterestOrDiscountOnAdvancesOrBills><in-bse-fin:RevenueOnInvestments contextRef="FourD" unitRef="INR" decimals="-5">249688100000</in-bse-fin:RevenueOnInvestments><in-bse-fin:InterestOnBalancesWithReserveBankOfIndiaAndOtherInterBankFunds contextRef="FourD" unitRef="INR" decimals="-5">13383800000</in-bse-fin:InterestOnBalancesWithReserveBankOfIndiaAndOtherInterBankFunds><in-bse-fin:OtherInterest contextRef="FourD" unitRef="INR" decimals="-5">25507100000</in-bse-fin:OtherInterest><in-bse-fin:InterestEarned contextRef="FourD" unitRef="INR" decimals="-5">1262072400000</in-bse-fin:InterestEarned><in-bse-fin:OtherIncome contextRef="FourD" unitRef="INR" decimals="-5">423806700000</in-bse-fin:OtherIncome><in-bse-fin:Income contextRef="FourD" unitRef="INR" decimals="-5">1685879100000</in-bse-fin:Income><in-bse-fin:InterestExpended contextRef="FourD" unitRef="INR" decimals="-5">672046700000</in-bse-fin:InterestExpended><in-bse-fin:EmployeesCost contextRef="FourD" unitRef="INR" decimals="-5">137402100000</in-bse-fin:EmployeesCost><in-bse-fin:OtherOperatingExpenses contextRef="FourD" unitRef="INR" decimals="-5">434750900000</in-bse-fin:OtherOperatingExpenses><in-bse-fin:OperatingExpenses contextRef="FourD" unitRef="INR" decimals="-5">572153000000</in-bse-fin:OperatingExpenses><in-bse-fin:ExpenditureExcludingProvisionsAndContingencies contextRef="FourD" unitRef="INR" decimals="-5">1244199700000</in-bse-fin:ExpenditureExcludingProvisionsAndContingencies><in-bse-fin:OperatingProfitBeforeProvisionAndContingencies contextRef="FourD" unitRef="INR" decimals="-5">441679400000</in-bse-fin:OperatingProfitBeforeProvisionAndContingencies><in-bse-fin:ProvisionsOtherThanTaxAndContingencies contextRef="FourD" unitRef="INR" decimals="-5">66038400000</in-bse-fin:ProvisionsOtherThanTaxAndContingencies><in-bse-fin:ExceptionalItems contextRef="FourD" unitRef="INR" decimals="-5">0</in-bse-fin:ExceptionalItems><in-bse-fin:ProfitLossFromOrdinaryActivitiesBeforeTax contextRef="FourD" unitRef="INR" decimals="-5">375641000000</in-bse-fin:ProfitLossFromOrdinaryActivitiesBeforeTax><in-bse-fin:TaxExpense contextRef="FourD" unitRef="INR" decimals="-5">78484700000</in-bse-fin:TaxExpense><in-bse-fin:ProfitLossFromOrdinaryActivitiesAfterTax contextRef="FourD" unitRef="INR" decimals="-5">297156300000</in-bse-fin:ProfitLossFromOrdinaryActivitiesAfterTax><in-bse-fin:ExtraordinaryItems contextRef="FourD" unitRef="INR" decimals="-5">0</in-bse-fin:ExtraordinaryItems><in-bse-fin:ProfitLossForThePeriod contextRef="FourD" unitRef="INR" decimals="-5">297156300000</in-bse-fin:ProfitLossForThePeriod><in-bse-fin:ShareOfProfitLossOfAssociates contextRef="FourD" unitRef="INR" decimals="-5">0</in-bse-fin:ShareOfProfitLossOfAssociates><in-bse-fin:ProfitLossOfMinorityInterest contextRef="FourD" unitRef="INR" decimals="-5">5338400000</in-bse-fin:ProfitLossOfMinorityInterest><in-bse-fin:ProfitLossAfterTaxesMinorityInterestAndShareOfProfitLossOfAssociates contextRef="FourD" unitRef="INR" decimals="-5">291817900000</in-bse-fin:ProfitLossAfterTaxesMinorityInterestAndShareOfProfitLossOfAssociates><in-bse-fin:PaidUpValueOfEquityShareCapital contextRef="FourD" unitRef="INR" decimals="-5">7581800000</in-bse-fin:PaidUpValueOfEquityShareCapital><in-bse-fin:FaceValueOfEquityShareCapital contextRef="FourD" unitRef="INRPerShare" decimals="INF">1</in-bse-fin:FaceValueOfEquityShareCapital><in-bse-fin:PercentageOfShareHeldByGovernmentOfIndia contextRef="FourD" unitRef="pure" decimals="INF">0</in-bse-fin:PercentageOfShareHeldByGovernmentOfIndia><in-bse-fin:CET1Ratio contextRef="FourD" unitRef="pure" decimals="INF">0</in-bse-fin:CET1Ratio><in-bse-fin:AdditionalTier1Ratio contextRef="FourD" unitRef="pure" decimals="INF">0</in-bse-fin:AdditionalTier1Ratio><in-bse-fin:BasicEarningsPerShareBeforeExtraordinaryItems contextRef="FourD" unitRef="INRPerShare" decimals="INF">44.36</in-bse-fin:BasicEarningsPerShareBeforeExtraordinaryItems><in-bse-fin:DilutedEarningsPerShareBeforeExtraordinaryItems contextRef="FourD" unitRef="INRPerShare" decimals="INF">44.12</in-bse-fin:DilutedEarningsPerShareBeforeExtraordinaryItems><in-bse-fin:BasicEarningsPerShareAfterExtraordinaryItems contextRef="FourD" unitRef="INRPerShare" decimals="INF">44.36</in-bse-fin:BasicEarningsPerShareAfterExtraordinaryItems><in-bse-fin:DilutedEarningsPerShareAfterExtraordinaryItems contextRef="FourD" unitRef="INRPerShare" decimals="INF">44.12</in-bse-fin:DilutedEarningsPerShareAfterExtraordinaryItems><in-bse-fin:GrossNonPerformingAssets contextRef="FourD" unitRef="INR" decimals="-5">0</in-bse-fin:GrossNonPerformingAssets><in-bse-fin:NonPerformingAssets contextRef="FourD" unitRef="INR" decimals="-5">0</in-bse-fin:NonPerformingAssets><in-bse-fin:PercentageOfGrossNpa contextRef="FourD" unitRef="pure" decimals="INF">0</in-bse-fin:PercentageOfGrossNpa><in-bse-fin:PercentageOfNpa contextRef="FourD" unitRef="pure" decimals="INF">0</in-bse-fin:PercentageOfNpa><in-bse-fin:ReturnOnAssets contextRef="FourD" unitRef="pure" decimals="INF">0</in-bse-fin:ReturnOnAssets><in-bse-fin:DescriptionOfOperatingExpenses contextRef="OneExpenses1D">Claims and benefits paid including other expenses pertaining to insurance business</in-bse-fin:DescriptionOfOperatingExpenses><in-bse-fin:OtherOperatingExpenses contextRef="OneExpenses1D" unitRef="INR" decimals="-5">237139300000</in-bse-fin:OtherOperatingExpenses><in-bse-fin:DescriptionOfOperatingExpenses contextRef="OneExpenses2D">Other operating expenses</in-bse-fin:DescriptionOfOperatingExpenses><in-bse-fin:OtherOperatingExpenses contextRef="OneExpenses2D" unitRef="INR" decimals="-5">105346100000</in-bse-fin:OtherOperatingExpenses><in-bse-fin:DescriptionOfOperatingExpenses contextRef="FourExpenses1D">Claims and benefits paid including other expenses pertaining to insurance business</in-bse-fin:DescriptionOfOperatingExpenses><in-bse-fin:OtherOperatingExpenses contextRef="FourExpenses1D" unitRef="INR" decimals="-5">237139300000</in-bse-fin:OtherOperatingExpenses><in-bse-fin:DescriptionOfOperatingExpenses contextRef="FourExpenses2D">Other operating expenses</in-bse-fin:DescriptionOfOperatingExpenses><in-bse-fin:OtherOperatingExpenses contextRef="FourExpenses2D" unitRef="INR" decimals="-5">197611600000</in-bse-fin:OtherOperatingExpenses><in-bse-fin:Capital contextRef="OneI" unitRef="INR" decimals="-5">7581800000</in-bse-fin:Capital><in-bse-fin:ReservesAndSurplus contextRef="OneI" unitRef="INR" decimals="-5">4181682000000</in-bse-fin:ReservesAndSurplus><in-bse-fin:Deposits contextRef="OneI" unitRef="INR" decimals="-5">21710787500000</in-bse-fin:Deposits><in-bse-fin:Borrowings contextRef="OneI" unitRef="INR" decimals="-5">7712272600000</in-bse-fin:Borrowings><in-bse-fin:OtherLiabilitiesAndProvisions contextRef="OneI" unitRef="INR" decimals="-5">4201146900000</in-bse-fin:OtherLiabilitiesAndProvisions><in-bse-fin:CapitalAndLiabilities contextRef="OneI" unitRef="INR" decimals="-5">37813470800000</in-bse-fin:CapitalAndLiabilities><in-bse-fin:CashAndBalancesWithReserveBankOfIndia contextRef="OneI" unitRef="INR" decimals="-5">1541686700000</in-bse-fin:CashAndBalancesWithReserveBankOfIndia><in-bse-fin:BalancesWithBanksAndMoneyAtCallAndShortNotice contextRef="OneI" unitRef="INR" decimals="-5">409626900000</in-bse-fin:BalancesWithBanksAndMoneyAtCallAndShortNotice><in-bse-fin:Investments contextRef="OneI" unitRef="INR" decimals="-5">9924112100000</in-bse-fin:Investments><in-bse-fin:Advances contextRef="OneI" unitRef="INR" decimals="-5">24019162900000</in-bse-fin:Advances><in-bse-fin:FixedAssets contextRef="OneI" unitRef="INR" decimals="-5">112605100000</in-bse-fin:FixedAssets><in-bse-fin:OtherAssets contextRef="OneI" unitRef="INR" decimals="-5">1806277100000</in-bse-fin:OtherAssets><in-bse-fin:Assets contextRef="OneI" unitRef="INR" decimals="-5">37813470800000</in-bse-fin:Assets><in-bse-fin:DisclosureOfNotesOnAssetsAndLiabilitiesExplanatoryTextBlock contextRef="OneD">Other Liabilities and Provisions include minority interest of Rs. 1240844 and Policy holders funds of Rs. 27138024 since no additiona fields we available.  &lt;BR&gt; 
 &lt;BR&gt; 
Kindly note Rs. are mentioned in lakhs </in-bse-fin:DisclosureOfNotesOnAssetsAndLiabilitiesExplanatoryTextBlock><in-bse-fin:DescriptionOfReportableSegment contextRef="OneReportable11D">Treasury</in-bse-fin:DescriptionOfReportableSegment><in-bse-fin:SegmentRevenue contextRef="OneReportable11D" unitRef="INR" decimals="-5">158976700000</in-bse-fin:SegmentRevenue><in-bse-fin:DescriptionOfReportableSegment contextRef="OneReportable12D">Retail Banking</in-bse-fin:DescriptionOfReportableSegment><in-bse-fin:SegmentRevenue contextRef="OneReportable12D" unitRef="INR" decimals="-5">608590200000</in-bse-fin:SegmentRevenue><in-bse-fin:DescriptionOfReportableSegment contextRef="OneReportable13D">Wholesale Banking</in-bse-fin:DescriptionOfReportableSegment><in-bse-fin:SegmentRevenue contextRef="OneReportable13D" unitRef="INR" decimals="-5">472986300000</in-bse-fin:SegmentRevenue><in-bse-fin:DescriptionOfReportableSegment contextRef="OneReportable14D">Other banking operations</in-bse-fin:DescriptionOfReportableSegment><in-bse-fin:SegmentRevenue contextRef="OneReportable14D" unitRef="INR" decimals="-5">72700300000</in-bse-fin:SegmentRevenue><in-bse-fin:DescriptionOfReportableSegment contextRef="OneReportable15D">Insurance Business</in-bse-fin:DescriptionOfReportableSegment><in-bse-fin:SegmentRevenue contextRef="OneReportable15D" unitRef="INR" decimals="-5">260130300000</in-bse-fin:SegmentRevenue><in-bse-fin:DescriptionOfReportableSegment contextRef="OneReportable16D">Others</in-bse-fin:DescriptionOfReportableSegment><in-bse-fin:SegmentRevenue contextRef="OneReportable16D" unitRef="INR" decimals="-5">31473500000</in-bse-fin:SegmentRevenue><in-bse-fin:DescriptionOfReportableSegment contextRef="OneReportable17D">Unallocated</in-bse-fin:DescriptionOfReportableSegment><in-bse-fin:SegmentRevenue contextRef="OneReportable17D" unitRef="INR" decimals="-5">0</in-bse-fin:SegmentRevenue><in-bse-fin:DescriptionOfReportableSegment contextRef="FourReportable11D">Treasury</in-bse-fin:DescriptionOfReportableSegment><in-bse-fin:SegmentRevenue contextRef="FourReportable11D" unitRef="INR" decimals="-5">264355400000</in-bse-fin:SegmentRevenue><in-bse-fin:DescriptionOfReportableSegment contextRef="FourReportable12D">Retail Banking</in-bse-fin:DescriptionOfReportableSegment><in-bse-fin:SegmentRevenue contextRef="FourReportable12D" unitRef="INR" decimals="-5">1037985000000</in-bse-fin:SegmentRevenue><in-bse-fin:DescriptionOfReportableSegment contextRef="FourReportable13D">Wholesale Banking</in-bse-fin:DescriptionOfReportableSegment><in-bse-fin:SegmentRevenue contextRef="FourReportable13D" unitRef="INR" decimals="-5">770305400000</in-bse-fin:SegmentRevenue><in-bse-fin:DescriptionOfReportableSegment contextRef="FourReportable14D">Other banking operations</in-bse-fin:DescriptionOfReportableSegment><in-bse-fin:SegmentRevenue contextRef="FourReportable14D" unitRef="INR" decimals="-5">142201200000</in-bse-fin:SegmentRevenue><in-bse-fin:DescriptionOfReportableSegment contextRef="FourReportable15D">Insurance Business</in-bse-fin:DescriptionOfReportableSegment><in-bse-fin:SegmentRevenue contextRef="FourReportable15D" unitRef="INR" decimals="-5">260130300000</in-bse-fin:SegmentRevenue><in-bse-fin:DescriptionOfReportableSegment contextRef="FourReportable16D">Others</in-bse-fin:DescriptionOfReportableSegment><in-bse-fin:SegmentRevenue contextRef="FourReportable16D" unitRef="INR" decimals="-5">63519700000</in-bse-fin:SegmentRevenue><in-bse-fin:DescriptionOfReportableSegment contextRef="FourReportable17D">Unallocated</in-bse-fin:DescriptionOfReportableSegment><in-bse-fin:SegmentRevenue contextRef="FourReportable17D" unitRef="INR" decimals="-5">0</in-bse-fin:SegmentRevenue><in-bse-fin:SegmentRevenue contextRef="OneD" unitRef="INR" decimals="-5">1604857300000</in-bse-fin:SegmentRevenue><in-bse-fin:SegmentRevenue contextRef="FourD" unitRef="INR" decimals="-5">2538497000000</in-bse-fin:SegmentRevenue><in-bse-fin:InterSegmentRevenue contextRef="OneD" unitRef="INR" decimals="-5">529191100000</in-bse-fin:InterSegmentRevenue><in-bse-fin:InterSegmentRevenue contextRef="FourD" unitRef="INR" decimals="-5">852617900000</in-bse-fin:InterSegmentRevenue><in-bse-fin:SegmentRevenueFromOperations contextRef="OneD" unitRef="INR" decimals="-5">1075666200000</in-bse-fin:SegmentRevenueFromOperations><in-bse-fin:SegmentRevenueFromOperations contextRef="FourD" unitRef="INR" decimals="-5">1685879100000</in-bse-fin:SegmentRevenueFromOperations><in-bse-fin:DescriptionOfReportableSegment contextRef="OneReportable21D">Treasury</in-bse-fin:DescriptionOfReportableSegment><in-bse-fin:SegmentProfitLossBeforeTaxAndFinanceCosts contextRef="OneReportable21D" unitRef="INR" decimals="-5">18234900000</in-bse-fin:SegmentProfitLossBeforeTaxAndFinanceCosts><in-bse-fin:DescriptionOfReportableSegment contextRef="OneReportable22D">Retail Banking</in-bse-fin:DescriptionOfReportableSegment><in-bse-fin:SegmentProfitLossBeforeTaxAndFinanceCosts contextRef="OneReportable22D" unitRef="INR" decimals="-5">59386000000</in-bse-fin:SegmentProfitLossBeforeTaxAndFinanceCosts><in-bse-fin:DescriptionOfReportableSegment contextRef="OneReportable23D">Wholesale Banking</in-bse-fin:DescriptionOfReportableSegment><in-bse-fin:SegmentProfitLossBeforeTaxAndFinanceCosts contextRef="OneReportable23D" unitRef="INR" decimals="-5">98048500000</in-bse-fin:SegmentProfitLossBeforeTaxAndFinanceCosts><in-bse-fin:DescriptionOfReportableSegment contextRef="OneReportable24D">Other banking operations</in-bse-fin:DescriptionOfReportableSegment><in-bse-fin:SegmentProfitLossBeforeTaxAndFinanceCosts contextRef="OneReportable24D" unitRef="INR" decimals="-5">27743800000</in-bse-fin:SegmentProfitLossBeforeTaxAndFinanceCosts><in-bse-fin:DescriptionOfReportableSegment contextRef="OneReportable25D">Insurance Business</in-bse-fin:DescriptionOfReportableSegment><in-bse-fin:SegmentProfitLossBeforeTaxAndFinanceCosts contextRef="OneReportable25D" unitRef="INR" decimals="-5">6400900000</in-bse-fin:SegmentProfitLossBeforeTaxAndFinanceCosts><in-bse-fin:DescriptionOfReportableSegment contextRef="OneReportable26D">Others</in-bse-fin:DescriptionOfReportableSegment><in-bse-fin:SegmentProfitLossBeforeTaxAndFinanceCosts contextRef="OneReportable26D" unitRef="INR" decimals="-5">5372600000</in-bse-fin:SegmentProfitLossBeforeTaxAndFinanceCosts><in-bse-fin:DescriptionOfReportableSegment contextRef="OneReportable27D">Unallocated</in-bse-fin:DescriptionOfReportableSegment><in-bse-fin:SegmentProfitLossBeforeTaxAndFinanceCosts contextRef="OneReportable27D" unitRef="INR" decimals="-5">-5512900000</in-bse-fin:SegmentProfitLossBeforeTaxAndFinanceCosts><in-bse-fin:DescriptionOfReportableSegment contextRef="FourReportable21D">Treasury</in-bse-fin:DescriptionOfReportableSegment><in-bse-fin:SegmentProfitLossBeforeTaxAndFinanceCosts contextRef="FourReportable21D" unitRef="INR" decimals="-5">31783900000</in-bse-fin:SegmentProfitLossBeforeTaxAndFinanceCosts><in-bse-fin:DescriptionOfReportableSegment contextRef="FourReportable22D">Retail Banking</in-bse-fin:DescriptionOfReportableSegment><in-bse-fin:SegmentProfitLossBeforeTaxAndFinanceCosts contextRef="FourReportable22D" unitRef="INR" decimals="-5">95076600000</in-bse-fin:SegmentProfitLossBeforeTaxAndFinanceCosts><in-bse-fin:DescriptionOfReportableSegment contextRef="FourReportable23D">Wholesale Banking</in-bse-fin:DescriptionOfReportableSegment><in-bse-fin:SegmentProfitLossBeforeTaxAndFinanceCosts contextRef="FourReportable23D" unitRef="INR" decimals="-5">186530400000</in-bse-fin:SegmentProfitLossBeforeTaxAndFinanceCosts><in-bse-fin:DescriptionOfReportableSegment contextRef="FourReportable24D">Other banking operations</in-bse-fin:DescriptionOfReportableSegment><in-bse-fin:SegmentProfitLossBeforeTaxAndFinanceCosts contextRef="FourReportable24D" unitRef="INR" decimals="-5">55322700000</in-bse-fin:SegmentProfitLossBeforeTaxAndFinanceCosts><in-bse-fin:DescriptionOfReportableSegment contextRef="FourReportable25D">Insurance Business</in-bse-fin:DescriptionOfReportableSegment><in-bse-fin:SegmentProfitLossBeforeTaxAndFinanceCosts contextRef="FourReportable25D" unitRef="INR" decimals="-5">6400900000</in-bse-fin:SegmentProfitLossBeforeTaxAndFinanceCosts><in-bse-fin:DescriptionOfReportableSegment contextRef="FourReportable26D">Others</in-bse-fin:DescriptionOfReportableSegment><in-bse-fin:SegmentProfitLossBeforeTaxAndFinanceCosts contextRef="FourReportable26D" unitRef="INR" decimals="-5">12219900000</in-bse-fin:SegmentProfitLossBeforeTaxAndFinanceCosts><in-bse-fin:DescriptionOfReportableSegment contextRef="FourReportable27D">Unallocated</in-bse-fin:DescriptionOfReportableSegment><in-bse-fin:SegmentProfitLossBeforeTaxAndFinanceCosts contextRef="FourReportable27D" unitRef="INR" decimals="-5">-11693400000</in-bse-fin:SegmentProfitLossBeforeTaxAndFinanceCosts><in-bse-fin:SegmentProfitLossBeforeTaxAndFinanceCosts contextRef="OneD" unitRef="INR" decimals="-5">209673800000</in-bse-fin:SegmentProfitLossBeforeTaxAndFinanceCosts><in-bse-fin:SegmentProfitLossBeforeTaxAndFinanceCosts contextRef="FourD" unitRef="INR" decimals="-5">375641000000</in-bse-fin:SegmentProfitLossBeforeTaxAndFinanceCosts><in-bse-fin:SegmentFinanceCosts contextRef="OneD" unitRef="INR" decimals="-5">0</in-bse-fin:SegmentFinanceCosts><in-bse-fin:SegmentFinanceCosts contextRef="FourD" unitRef="INR" decimals="-5">0</in-bse-fin:SegmentFinanceCosts><in-bse-fin:OtherUnallocableExpenditureNetOffUnAllocableIncome contextRef="OneD" unitRef="INR" decimals="-5">0</in-bse-fin:OtherUnallocableExpenditureNetOffUnAllocableIncome><in-bse-fin:OtherUnallocableExpenditureNetOffUnAllocableIncome contextRef="FourD" unitRef="INR" decimals="-5">0</in-bse-fin:OtherUnallocableExpenditureNetOffUnAllocableIncome><in-bse-fin:SegmentProfitBeforeTax contextRef="OneD" unitRef="INR" decimals="-5">209673800000</in-bse-fin:SegmentProfitBeforeTax><in-bse-fin:SegmentProfitBeforeTax contextRef="FourD" unitRef="INR" decimals="-5">375641000000</in-bse-fin:SegmentProfitBeforeTax><in-bse-fin:DescriptionOfReportableSegment contextRef="OneReportable31D">Treasury</in-bse-fin:DescriptionOfReportableSegment><in-bse-fin:SegmentAssets contextRef="OneReportable31I" unitRef="INR" decimals="-5">7924933100000</in-bse-fin:SegmentAssets><in-bse-fin:DescriptionOfReportableSegment contextRef="OneReportable32D">Retail Banking</in-bse-fin:DescriptionOfReportableSegment><in-bse-fin:SegmentAssets contextRef="OneReportable32I" unitRef="INR" decimals="-5">13173541200000</in-bse-fin:SegmentAssets><in-bse-fin:DescriptionOfReportableSegment contextRef="OneReportable33D">Wholesale Banking</in-bse-fin:DescriptionOfReportableSegment><in-bse-fin:SegmentAssets contextRef="OneReportable33I" unitRef="INR" decimals="-5">12035988700000</in-bse-fin:SegmentAssets><in-bse-fin:DescriptionOfReportableSegment contextRef="OneReportable34D">Other banking operations</in-bse-fin:DescriptionOfReportableSegment><in-bse-fin:SegmentAssets contextRef="OneReportable34I" unitRef="INR" decimals="-5">862126100000</in-bse-fin:SegmentAssets><in-bse-fin:DescriptionOfReportableSegment contextRef="OneReportable35D">Insurance Business</in-bse-fin:DescriptionOfReportableSegment><in-bse-fin:SegmentAssets contextRef="OneReportable35I" unitRef="INR" decimals="-5">2914658800000</in-bse-fin:SegmentAssets><in-bse-fin:DescriptionOfReportableSegment contextRef="OneReportable36D">Others</in-bse-fin:DescriptionOfReportableSegment><in-bse-fin:SegmentAssets contextRef="OneReportable36I" unitRef="INR" decimals="-5">735710200000</in-bse-fin:SegmentAssets><in-bse-fin:DescriptionOfReportableSegment contextRef="OneReportable37D">Unallocated</in-bse-fin:DescriptionOfReportableSegment><in-bse-fin:SegmentAssets contextRef="OneReportable37I" unitRef="INR" decimals="-5">166512700000</in-bse-fin:SegmentAssets><in-bse-fin:SegmentAssets contextRef="OneI" unitRef="INR" decimals="-5">37813470800000</in-bse-fin:SegmentAssets><in-bse-fin:UnAllocableAssets contextRef="OneI" unitRef="INR" decimals="-5">0</in-bse-fin:UnAllocableAssets><in-bse-fin:NetSegmentAssets contextRef="OneI" unitRef="INR" decimals="-5">37813470800000</in-bse-fin:NetSegmentAssets><in-bse-fin:DescriptionOfReportableSegment contextRef="OneReportable41D">Treasury</in-bse-fin:DescriptionOfReportableSegment><in-bse-fin:SegmentLiabilities contextRef="OneReportable41I" unitRef="INR" decimals="-5">1339925600000</in-bse-fin:SegmentLiabilities><in-bse-fin:DescriptionOfReportableSegment contextRef="OneReportable42D">Retail Banking</in-bse-fin:DescriptionOfReportableSegment><in-bse-fin:SegmentLiabilities contextRef="OneReportable42I" unitRef="INR" decimals="-5">18561825000000</in-bse-fin:SegmentLiabilities><in-bse-fin:DescriptionOfReportableSegment contextRef="OneReportable43D">Wholesale Banking</in-bse-fin:DescriptionOfReportableSegment><in-bse-fin:SegmentLiabilities contextRef="OneReportable43I" unitRef="INR" decimals="-5">9666165300000</in-bse-fin:SegmentLiabilities><in-bse-fin:DescriptionOfReportableSegment contextRef="OneReportable44D">Other banking operations</in-bse-fin:DescriptionOfReportableSegment><in-bse-fin:SegmentLiabilities contextRef="OneReportable44I" unitRef="INR" decimals="-5">74512900000</in-bse-fin:SegmentLiabilities><in-bse-fin:DescriptionOfReportableSegment contextRef="OneReportable45D">Insurance Business</in-bse-fin:DescriptionOfReportableSegment><in-bse-fin:SegmentLiabilities contextRef="OneReportable45I" unitRef="INR" decimals="-5">2806952000000</in-bse-fin:SegmentLiabilities><in-bse-fin:DescriptionOfReportableSegment contextRef="OneReportable46D">Others</in-bse-fin:DescriptionOfReportableSegment><in-bse-fin:SegmentLiabilities contextRef="OneReportable46I" unitRef="INR" decimals="-5">580367300000</in-bse-fin:SegmentLiabilities><in-bse-fin:DescriptionOfReportableSegment contextRef="OneReportable47D">Unallocated</in-bse-fin:DescriptionOfReportableSegment><in-bse-fin:SegmentLiabilities contextRef="OneReportable47I" unitRef="INR" decimals="-5">470374500000</in-bse-fin:SegmentLiabilities><in-bse-fin:SegmentLiabilities contextRef="OneI" unitRef="INR" decimals="-5">33500122600000</in-bse-fin:SegmentLiabilities><in-bse-fin:UnAllocableLiabilities contextRef="OneI" unitRef="INR" decimals="-5">0</in-bse-fin:UnAllocableLiabilities><in-bse-fin:NetSegmentLiabilities contextRef="OneI" unitRef="INR" decimals="-5">33500122600000</in-bse-fin:NetSegmentLiabilities><in-bse-fin:ProfitBeforeExtraordinaryItemsAndTax contextRef="FourD" unitRef="INR" decimals="-5">375641000000</in-bse-fin:ProfitBeforeExtraordinaryItemsAndTax><in-bse-fin:AdjustmentsForFinanceCosts contextRef="FourD" unitRef="INR" decimals="-5">0</in-bse-fin:AdjustmentsForFinanceCosts><in-bse-fin:AdjustmentsForDepreciationAndAmortisationExpense contextRef="FourD" unitRef="INR" decimals="-5">15111100000</in-bse-fin:AdjustmentsForDepreciationAndAmortisationExpense><in-bse-fin:AdjustmentsForImpairmentLossReversalOfImpairmentLossRecognisedInProfitOrLoss contextRef="FourD" unitRef="INR" decimals="-5">64979300000</in-bse-fin:AdjustmentsForImpairmentLossReversalOfImpairmentLossRecognisedInProfitOrLoss><in-bse-fin:AdjustmentsForUnrealisedForeignExchangeLossesGains contextRef="FourD" unitRef="INR" decimals="-5">0</in-bse-fin:AdjustmentsForUnrealisedForeignExchangeLossesGains><in-bse-fin:AdjustmentsForDividendIncome contextRef="FourD" unitRef="INR" decimals="-5">0</in-bse-fin:AdjustmentsForDividendIncome><in-bse-fin:AdjustmentsForSharebasedPayments contextRef="FourD" unitRef="INR" decimals="-5">6751500000</in-bse-fin:AdjustmentsForSharebasedPayments><in-bse-fin:OtherAdjustmentsForWhichCashEffectsAreInvestingOrFinancingCashFlow contextRef="FourD" unitRef="INR" decimals="-5">-359300000</in-bse-fin:OtherAdjustmentsForWhichCashEffectsAreInvestingOrFinancingCashFlow><in-bse-fin:OtherAdjustmentsToReconcileProfitLoss contextRef="FourD" unitRef="INR" decimals="-5">0</in-bse-fin:OtherAdjustmentsToReconcileProfitLoss><in-bse-fin:OtherAdjustmentsForNoncashItems contextRef="FourD" unitRef="INR" decimals="-5">-27780600000</in-bse-fin:OtherAdjustmentsForNoncashItems><in-bse-fin:ShareOfProfitAndLossFromPartnershipFirmOrAssociationOfPersonsOrLimitedLiabilityPartnerships contextRef="FourD" unitRef="INR" decimals="-5">0</in-bse-fin:ShareOfProfitAndLossFromPartnershipFirmOrAssociationOfPersonsOrLimitedLiabilityPartnerships><in-bse-fin:AdjustmentsToProfitLoss contextRef="FourD" unitRef="INR" decimals="-5">58702000000</in-bse-fin:AdjustmentsToProfitLoss><in-bse-fin:AdjustmentsForDecreaseIncreaseInInventories contextRef="FourD" unitRef="INR" decimals="-5">0</in-bse-fin:AdjustmentsForDecreaseIncreaseInInventories><in-bse-fin:AdjustmentsForDecreaseIncreaseInTradeReceivables contextRef="FourD" unitRef="INR" decimals="-5">-2174523900000</in-bse-fin:AdjustmentsForDecreaseIncreaseInTradeReceivables><in-bse-fin:AdjustmentsForDecreaseIncreaseInOtherCurrentAssets contextRef="FourD" unitRef="INR" decimals="-5">-66973300000</in-bse-fin:AdjustmentsForDecreaseIncreaseInOtherCurrentAssets><in-bse-fin:AdjustmentsForIncreaseDecreaseInTradePayables contextRef="FourD" unitRef="INR" decimals="-5">1311562900000</in-bse-fin:AdjustmentsForIncreaseDecreaseInTradePayables><in-bse-fin:AdjustmentsForIncreaseDecreaseInOtherCurrentLiabilities contextRef="FourD" unitRef="INR" decimals="-5">118836300000</in-bse-fin:AdjustmentsForIncreaseDecreaseInOtherCurrentLiabilities><in-bse-fin:AdjustmentsForProvisions contextRef="FourD" unitRef="INR" decimals="-5">0</in-bse-fin:AdjustmentsForProvisions><in-bse-fin:AdjustmentsForWorkingCapital contextRef="FourD" unitRef="INR" decimals="-5">-811098000000</in-bse-fin:AdjustmentsForWorkingCapital><in-bse-fin:AdjustmentsForReconcileProfitLoss contextRef="FourD" unitRef="INR" decimals="-5">-752396000000</in-bse-fin:AdjustmentsForReconcileProfitLoss><in-bse-fin:CashFlowsFromUsedInOperations contextRef="FourD" unitRef="INR" decimals="-5">-376755000000</in-bse-fin:CashFlowsFromUsedInOperations><in-bse-fin:DividendsReceivedClassifiedAsOperatingActivities contextRef="FourD" unitRef="INR" decimals="-5">0</in-bse-fin:DividendsReceivedClassifiedAsOperatingActivities><in-bse-fin:InterestPaidClassifiedAsOperatingActivities contextRef="FourD" unitRef="INR" decimals="-5">0</in-bse-fin:InterestPaidClassifiedAsOperatingActivities><in-bse-fin:InterestReceivedClassifiedAsOperatingActivities contextRef="FourD" unitRef="INR" decimals="-5">0</in-bse-fin:InterestReceivedClassifiedAsOperatingActivities><in-bse-fin:IncomeTaxesPaidRefundClassifiedAsOperatingActivities contextRef="FourD" unitRef="INR" decimals="-5">79253700000</in-bse-fin:IncomeTaxesPaidRefundClassifiedAsOperatingActivities><in-bse-fin:OtherInflowsOutflowsOfCashClassifiedAsOperatingActivities contextRef="FourD" unitRef="INR" decimals="-5">0</in-bse-fin:OtherInflowsOutflowsOfCashClassifiedAsOperatingActivities><in-bse-fin:CashFlowsFromUsedInOperatingActivitiesBeforeExtraordinaryItems contextRef="FourD" unitRef="INR" decimals="-5">-456008700000</in-bse-fin:CashFlowsFromUsedInOperatingActivitiesBeforeExtraordinaryItems><in-bse-fin:ProceedsFromExtraordinaryItemsClassifiedAsOperatingActivities contextRef="FourD" unitRef="INR" decimals="-5">0</in-bse-fin:ProceedsFromExtraordinaryItemsClassifiedAsOperatingActivities><in-bse-fin:PaymentForExtraordinaryItemsClassifiedAsOperatingActivities contextRef="FourD" unitRef="INR" decimals="-5">0</in-bse-fin:PaymentForExtraordinaryItemsClassifiedAsOperatingActivities><in-bse-fin:CashFlowsFromUsedInOperatingActivities contextRef="FourD" unitRef="INR" decimals="-5">-456008700000</in-bse-fin:CashFlowsFromUsedInOperatingActivities><in-bse-fin:CashFlowsFromLosingControlOfSubsidiariesOrOtherBusinessesClassifiedAsInvestingActivities contextRef="FourD" unitRef="INR" decimals="-5">0</in-bse-fin:CashFlowsFromLosingControlOfSubsidiariesOrOtherBusinessesClassifiedAsInvestingActivities><in-bse-fin:CashFlowsUsedInObtainingControlOfSubsidiariesOrOtherBusinessesClassifiedAsInvestingActivities contextRef="FourD" unitRef="INR" decimals="-5">0</in-bse-fin:CashFlowsUsedInObtainingControlOfSubsidiariesOrOtherBusinessesClassifiedAsInvestingActivities><in-bse-fin:OtherCashReceiptsFromSalesOfEquityOrDebtInstrumentsOfOtherEntitiesClassifiedAsInvestingActivities contextRef="FourD" unitRef="INR" decimals="-5">0</in-bse-fin:OtherCashReceiptsFromSalesOfEquityOrDebtInstrumentsOfOtherEntitiesClassifiedAsInvestingActivities><in-bse-fin:OtherCashPaymentsToAcquireEquityOrDebtInstrumentsOfOtherEntitiesClassifiedAsInvestingActivities contextRef="FourD" unitRef="INR" decimals="-5">0</in-bse-fin:OtherCashPaymentsToAcquireEquityOrDebtInstrumentsOfOtherEntitiesClassifiedAsInvestingActivities><in-bse-fin:OtherCashReceiptsFromSalesOfInterestsInJointVenturesClassifiedAsInvestingActivities contextRef="FourD" unitRef="INR" decimals="-5">0</in-bse-fin:OtherCashReceiptsFromSalesOfInterestsInJointVenturesClassifiedAsInvestingActivities><in-bse-fin:OtherCashPaymentsToAcquireInterestsInJointVenturesClassifiedAsInvestingActivities contextRef="FourD" unitRef="INR" decimals="-5">0</in-bse-fin:OtherCashPaymentsToAcquireInterestsInJointVenturesClassifiedAsInvestingActivities><in-bse-fin:CashReceiptsFromShareOfProfitsOfPartnershipFirmOrAssociationOfPersonsOrLimitedLiabilityPartnerships contextRef="FourD" unitRef="INR" decimals="-5">0</in-bse-fin:CashReceiptsFromShareOfProfitsOfPartnershipFirmOrAssociationOfPersonsOrLimitedLiabilityPartnerships><in-bse-fin:CashPaymentForInvestmentInPartnershipFirmOrAssociationOfPersonsOrLimitedLiabilityPartnerships contextRef="FourD" unitRef="INR" decimals="-5">0</in-bse-fin:CashPaymentForInvestmentInPartnershipFirmOrAssociationOfPersonsOrLimitedLiabilityPartnerships><in-bse-fin:ProceedsFromSalesOfTangibleAssetsClassifiedAsInvestingActivities contextRef="FourD" unitRef="INR" decimals="-5">505300000</in-bse-fin:ProceedsFromSalesOfTangibleAssetsClassifiedAsInvestingActivities><in-bse-fin:PurchaseOfTangibleAssetsClassifiedAsInvestingActivities contextRef="FourD" unitRef="INR" decimals="-5">17325000000</in-bse-fin:PurchaseOfTangibleAssetsClassifiedAsInvestingActivities><in-bse-fin:ProceedsFromSalesOfIntangibleAssetsClassifiedAsInvestingActivities contextRef="FourD" unitRef="INR" decimals="-5">0</in-bse-fin:ProceedsFromSalesOfIntangibleAssetsClassifiedAsInvestingActivities><in-bse-fin:PurchaseOfIntangibleAssetsClassifiedAsInvestingActivities contextRef="FourD" unitRef="INR" decimals="-5">0</in-bse-fin:PurchaseOfIntangibleAssetsClassifiedAsInvestingActivities><in-bse-fin:CashAdvancesAndLoansMadeToOtherPartiesClassifiedAsInvestingActivities contextRef="FourD" unitRef="INR" decimals="-5">0</in-bse-fin:CashAdvancesAndLoansMadeToOtherPartiesClassifiedAsInvestingActivities><in-bse-fin:CashReceiptsFromRepaymentOfAdvancesAndLoansMadeToOtherPartiesClassifiedAsInvestingActivities contextRef="FourD" unitRef="INR" decimals="-5">0</in-bse-fin:CashReceiptsFromRepaymentOfAdvancesAndLoansMadeToOtherPartiesClassifiedAsInvestingActivities><in-bse-fin:CashPaymentsForFutureContractsForwardContractsOptionContractsAndSwapContractsClassifiedAsInvestingActivities contextRef="FourD" unitRef="INR" decimals="-5">0</in-bse-fin:CashPaymentsForFutureContractsForwardContractsOptionContractsAndSwapContractsClassifiedAsInvestingActivities><in-bse-fin:CashReceiptsFromFutureContractsForwardContractsOptionContractsAndSwapContractsClassifiedAsInvestingActivities contextRef="FourD" unitRef="INR" decimals="-5">0</in-bse-fin:CashReceiptsFromFutureContractsForwardContractsOptionContractsAndSwapContractsClassifiedAsInvestingActivities><in-bse-fin:DividendsReceivedClassifiedAsInvestingActivities contextRef="FourD" unitRef="INR" decimals="-5">0</in-bse-fin:DividendsReceivedClassifiedAsInvestingActivities><in-bse-fin:InterestReceivedClassifiedAsInvestingActivities contextRef="FourD" unitRef="INR" decimals="-5">0</in-bse-fin:InterestReceivedClassifiedAsInvestingActivities><in-bse-fin:IncomeTaxesPaidRefundClassifiedAsInvestingActivities contextRef="FourD" unitRef="INR" decimals="-5">0</in-bse-fin:IncomeTaxesPaidRefundClassifiedAsInvestingActivities><in-bse-fin:OtherInflowsOutflowsOfCashClassifiedAsInvestingActivities contextRef="FourD" unitRef="INR" decimals="-5">0</in-bse-fin:OtherInflowsOutflowsOfCashClassifiedAsInvestingActivities><in-bse-fin:ProceedsFromGovernmentGrantsClassifiedAsInvestingActivities contextRef="FourD" unitRef="INR" decimals="-5">0</in-bse-fin:ProceedsFromGovernmentGrantsClassifiedAsInvestingActivities><in-bse-fin:CashFlowsFromUsedInInvestingActivitiesBeforeExtraordinaryItems contextRef="FourD" unitRef="INR" decimals="-5">-16819700000</in-bse-fin:CashFlowsFromUsedInInvestingActivitiesBeforeExtraordinaryItems><in-bse-fin:ProceedsFromExtraordinaryItemsClassifiedAsInvestingActivities contextRef="FourD" unitRef="INR" decimals="-5">0</in-bse-fin:ProceedsFromExtraordinaryItemsClassifiedAsInvestingActivities><in-bse-fin:PaymentForExtraordinaryItemsClassifiedAsInvestingActivities contextRef="FourD" unitRef="INR" decimals="-5">0</in-bse-fin:PaymentForExtraordinaryItemsClassifiedAsInvestingActivities><in-bse-fin:CashFlowsFromUsedInInvestingActivities contextRef="FourD" unitRef="INR" decimals="-5">-16819700000</in-bse-fin:CashFlowsFromUsedInInvestingActivities><in-bse-fin:ProceedsFromIssuingShares contextRef="FourD" unitRef="INR" decimals="-5">67274500000</in-bse-fin:ProceedsFromIssuingShares><in-bse-fin:ProceedsFromIssuingOtherEquityInstruments contextRef="FourD" unitRef="INR" decimals="-5">0</in-bse-fin:ProceedsFromIssuingOtherEquityInstruments><in-bse-fin:ProceedsFromIssuingDebenturesNotesBondsEtc contextRef="FourD" unitRef="INR" decimals="-5">0</in-bse-fin:ProceedsFromIssuingDebenturesNotesBondsEtc><in-bse-fin:ProceedsFromBorrowingsClassifiedAsFinancingActivities contextRef="FourD" unitRef="INR" decimals="-5">354305800000</in-bse-fin:ProceedsFromBorrowingsClassifiedAsFinancingActivities><in-bse-fin:RepaymentsOfBorrowingsClassifiedAsFinancingActivities contextRef="FourD" unitRef="INR" decimals="-5">0</in-bse-fin:RepaymentsOfBorrowingsClassifiedAsFinancingActivities><in-bse-fin:DividendsPaidClassifiedAsFinancingActivities contextRef="FourD" unitRef="INR" decimals="-5">84044200000</in-bse-fin:DividendsPaidClassifiedAsFinancingActivities><in-bse-fin:InterestPaidClassifiedAsFinancingActivities contextRef="FourD" unitRef="INR" decimals="-5">0</in-bse-fin:InterestPaidClassifiedAsFinancingActivities><in-bse-fin:IncomeTaxesPaidRefundClassifiedAsFinancingActivities contextRef="FourD" unitRef="INR" decimals="-5">0</in-bse-fin:IncomeTaxesPaidRefundClassifiedAsFinancingActivities><in-bse-fin:OtherInflowsOutflowsOfCashClassifiedAsFinancingActivities contextRef="FourD" unitRef="INR" decimals="-5">114391500000</in-bse-fin:OtherInflowsOutflowsOfCashClassifiedAsFinancingActivities><in-bse-fin:CashFlowsFromUsedInFinancingActivitiesBeforeExtraordinaryItems contextRef="FourD" unitRef="INR" decimals="-5">451927600000</in-bse-fin:CashFlowsFromUsedInFinancingActivitiesBeforeExtraordinaryItems><in-bse-fin:ProceedsFromExtraordinaryItemsClassifiedAsFinancingActivities contextRef="FourD" unitRef="INR" decimals="-5">0</in-bse-fin:ProceedsFromExtraordinaryItemsClassifiedAsFinancingActivities><in-bse-fin:PaymentForExtraordinaryItemsClassifiedAsFinancingActivities contextRef="FourD" unitRef="INR" decimals="-5">0</in-bse-fin:PaymentForExtraordinaryItemsClassifiedAsFinancingActivities><in-bse-fin:CashFlowsFromUsedInFinancingActivities contextRef="FourD" unitRef="INR" decimals="-5">451927600000</in-bse-fin:CashFlowsFromUsedInFinancingActivities><in-bse-fin:IncreaseDecreaseInCashAndCashEquivalentsBeforeEffectOfExchangeRateChanges contextRef="FourD" unitRef="INR" decimals="-5">-20900800000</in-bse-fin:IncreaseDecreaseInCashAndCashEquivalentsBeforeEffectOfExchangeRateChanges><in-bse-fin:EffectOfExchangeRateChangesOnCashAndCashEquivalents contextRef="FourD" unitRef="INR" decimals="-5">736300000</in-bse-fin:EffectOfExchangeRateChangesOnCashAndCashEquivalents><in-bse-fin:IncreaseDecreaseInCashAndCashEquivalents contextRef="FourD" unitRef="INR" decimals="-5">-20164500000</in-bse-fin:IncreaseDecreaseInCashAndCashEquivalents><in-bse-fin:CashAndCashEquivalentsCashFlowStatement contextRef="PY_I" unitRef="INR" decimals="-5">1971478100000</in-bse-fin:CashAndCashEquivalentsCashFlowStatement><in-bse-fin:CashAndCashEquivalentsCashFlowStatement contextRef="OneI" unitRef="INR" decimals="-5">1951313600000</in-bse-fin:CashAndCashEquivalentsCashFlowStatement></xbrli:xbrl>
